,DayOfWeek,Sales,Customers,Open,Promo,SchoolHoliday,CompetitionDistance,CompetitionOpenSinceMonth,CompetitionOpenSinceYear,Promo2,Promo2SinceWeek,StateHoliday_0,StateHoliday_a,StateHoliday_b,StateHoliday_c,StateHoliday_nan,StoreType_b,StoreType_c,StoreType_d,StoreType_nan,Assortment_b,Assortment_c,Assortment_nan,"PromoInterval_Jan,Apr,Jul,Oct","PromoInterval_Mar,Jun,Sept,Dec",PromoInterval_nan,year,month,date
941,2,0,0,0,0,1,570,11,8,1,13,0,1,0,0,0,0,0,0,0,0,0,0,1,0,0,2013,1,0
940,3,4422,650,1,0,1,570,11,8,1,13,1,0,0,0,0,0,0,0,0,0,0,0,1,0,0,2013,1,1
939,4,4159,555,1,0,1,570,11,8,1,13,1,0,0,0,0,0,0,0,0,0,0,0,1,0,0,2013,1,2
938,5,4484,574,1,0,1,570,11,8,1,13,1,0,0,0,0,0,0,0,0,0,0,0,1,0,0,2013,1,3
937,6,2342,324,1,0,0,570,11,8,1,13,1,0,0,0,0,0,0,0,0,0,0,0,1,0,0,2013,1,4
936,7,0,0,0,0,0,570,11,8,1,13,1,0,0,0,0,0,0,0,0,0,0,0,1,0,0,2013,1,5
935,1,6775,763,1,1,0,570,11,8,1,13,1,0,0,0,0,0,0,0,0,0,0,0,1,0,0,2013,1,6
934,2,6318,685,1,1,0,570,11,8,1,13,1,0,0,0,0,0,0,0,0,0,0,0,1,0,0,2013,1,7
933,3,6763,785,1,1,0,570,11,8,1,13,1,0,0,0,0,0,0,0,0,0,0,0,1,0,0,2013,1,8
932,4,5618,637,1,1,0,570,11,8,1,13,1,0,0,0,0,0,0,0,0,0,0,0,1,0,0,2013,1,9
931,5,4810,539,1,1,0,570,11,8,1,13,1,0,0,0,0,0,0,0,0,0,0,0,1,0,0,2013,1,10
930,6,2630,337,1,0,0,570,11,8,1,13,1,0,0,0,0,0,0,0,0,0,0,0,1,0,0,2013,1,11
929,7,0,0,0,0,0,570,11,8,1,13,1,0,0,0,0,0,0,0,0,0,0,0,1,0,0,2013,1,12
928,1,3995,530,1,0,0,570,11,8,1,13,1,0,0,0,0,0,0,0,0,0,0,0,1,0,0,2013,1,13
927,2,4075,513,1,0,0,570,11,8,1,13,1,0,0,0,0,0,0,0,0,0,0,0,1,0,0,2013,1,14
926,3,4198,591,1,0,0,570,11,8,1,13,1,0,0,0,0,0,0,0,0,0,0,0,1,0,0,2013,1,15
925,4,2973,403,1,0,0,570,11,8,1,13,1,0,0,0,0,0,0,0,0,0,0,0,1,0,0,2013,1,16
924,5,3441,434,1,0,0,570,11,8,1,13,1,0,0,0,0,0,0,0,0,0,0,0,1,0,0,2013,1,17
923,6,2399,303,1,0,0,570,11,8,1,13,1,0,0,0,0,0,0,0,0,0,0,0,1,0,0,2013,1,18
922,7,0,0,0,0,0,570,11,8,1,13,1,0,0,0,0,0,0,0,0,0,0,0,1,0,0,2013,1,19
921,1,6311,662,1,1,0,570,11,8,1,13,1,0,0,0,0,0,0,0,0,0,0,0,1,0,0,2013,1,20
920,2,5803,656,1,1,0,570,11,8,1,13,1,0,0,0,0,0,0,0,0,0,0,0,1,0,0,2013,1,21
919,3,5974,690,1,1,0,570,11,8,1,13,1,0,0,0,0,0,0,0,0,0,0,0,1,0,0,2013,1,22
918,4,5091,582,1,1,0,570,11,8,1,13,1,0,0,0,0,0,0,0,0,0,0,0,1,0,0,2013,1,23
917,5,4589,522,1,1,0,570,11,8,1,13,1,0,0,0,0,0,0,0,0,0,0,0,1,0,0,2013,1,24
916,6,2205,303,1,0,0,570,11,8,1,13,1,0,0,0,0,0,0,0,0,0,0,0,1,0,0,2013,1,25
915,7,0,0,0,0,0,570,11,8,1,13,1,0,0,0,0,0,0,0,0,0,0,0,1,0,0,2013,1,26
914,1,3549,488,1,0,0,570,11,8,1,13,1,0,0,0,0,0,0,0,0,0,0,0,1,0,0,2013,1,27
913,2,3461,476,1,0,0,570,11,8,1,13,1,0,0,0,0,0,0,0,0,0,0,0,1,0,0,2013,1,28
912,3,4446,608,1,0,0,570,11,8,1,13,1,0,0,0,0,0,0,0,0,0,0,0,1,0,0,2013,1,29
911,4,4340,517,1,0,0,570,11,8,1,13,1,0,0,0,0,0,0,0,0,0,0,0,1,0,0,2013,1,30
910,5,4545,554,1,0,0,570,11,8,1,13,1,0,0,0,0,0,0,0,0,0,0,0,1,0,0,2013,2,0
909,6,2956,361,1,0,0,570,11,8,1,13,1,0,0,0,0,0,0,0,0,0,0,0,1,0,0,2013,2,1
908,7,0,0,0,0,0,570,11,8,1,13,1,0,0,0,0,0,0,0,0,0,0,0,1,0,0,2013,2,2
907,1,6480,688,1,1,0,570,11,8,1,13,1,0,0,0,0,0,0,0,0,0,0,0,1,0,0,2013,2,3
906,2,6269,674,1,1,0,570,11,8,1,13,1,0,0,0,0,0,0,0,0,0,0,0,1,0,0,2013,2,4
905,3,6438,769,1,1,0,570,11,8,1,13,1,0,0,0,0,0,0,0,0,0,0,0,1,0,0,2013,2,5
904,4,5575,638,1,1,0,570,11,8,1,13,1,0,0,0,0,0,0,0,0,0,0,0,1,0,0,2013,2,6
903,5,4203,491,1,1,0,570,11,8,1,13,1,0,0,0,0,0,0,0,0,0,0,0,1,0,0,2013,2,7
902,6,3031,354,1,0,0,570,11,8,1,13,1,0,0,0,0,0,0,0,0,0,0,0,1,0,0,2013,2,8
901,7,0,0,0,0,0,570,11,8,1,13,1,0,0,0,0,0,0,0,0,0,0,0,1,0,0,2013,2,9
900,1,4303,582,1,0,0,570,11,8,1,13,1,0,0,0,0,0,0,0,0,0,0,0,1,0,0,2013,2,10
899,2,3968,504,1,0,0,570,11,8,1,13,1,0,0,0,0,0,0,0,0,0,0,0,1,0,0,2013,2,11
898,3,5001,678,1,0,0,570,11,8,1,13,1,0,0,0,0,0,0,0,0,0,0,0,1,0,0,2013,2,12
897,4,4439,574,1,0,0,570,11,8,1,13,1,0,0,0,0,0,0,0,0,0,0,0,1,0,0,2013,2,13
896,5,3812,494,1,0,0,570,11,8,1,13,1,0,0,0,0,0,0,0,0,0,0,0,1,0,0,2013,2,14
895,6,2401,290,1,0,0,570,11,8,1,13,1,0,0,0,0,0,0,0,0,0,0,0,1,0,0,2013,2,15
894,7,0,0,0,0,0,570,11,8,1,13,1,0,0,0,0,0,0,0,0,0,0,0,1,0,0,2013,2,16
893,1,7493,757,1,1,1,570,11,8,1,13,1,0,0,0,0,0,0,0,0,0,0,0,1,0,0,2013,2,17
892,2,5734,588,1,1,1,570,11,8,1,13,1,0,0,0,0,0,0,0,0,0,0,0,1,0,0,2013,2,18
891,3,6116,689,1,1,1,570,11,8,1,13,1,0,0,0,0,0,0,0,0,0,0,0,1,0,0,2013,2,19
890,4,5276,589,1,1,1,570,11,8,1,13,1,0,0,0,0,0,0,0,0,0,0,0,1,0,0,2013,2,20
889,5,4552,509,1,1,1,570,11,8,1,13,1,0,0,0,0,0,0,0,0,0,0,0,1,0,0,2013,2,21
888,6,1919,230,1,0,0,570,11,8,1,13,1,0,0,0,0,0,0,0,0,0,0,0,1,0,0,2013,2,22
887,7,0,0,0,0,0,570,11,8,1,13,1,0,0,0,0,0,0,0,0,0,0,0,1,0,0,2013,2,23
886,1,3084,432,1,0,0,570,11,8,1,13,1,0,0,0,0,0,0,0,0,0,0,0,1,0,0,2013,2,24
885,2,3919,480,1,0,0,570,11,8,1,13,1,0,0,0,0,0,0,0,0,0,0,0,1,0,0,2013,2,25
884,3,4741,635,1,0,0,570,11,8,1,13,1,0,0,0,0,0,0,0,0,0,0,0,1,0,0,2013,2,26
883,4,4859,565,1,0,0,570,11,8,1,13,1,0,0,0,0,0,0,0,0,0,0,0,1,0,0,2013,2,27
882,5,4290,555,1,0,0,570,11,8,1,13,1,0,0,0,0,0,0,0,0,0,0,0,1,0,0,2013,3,0
881,6,2643,353,1,0,0,570,11,8,1,13,1,0,0,0,0,0,0,0,0,0,0,0,1,0,0,2013,3,1
880,7,0,0,0,0,0,570,11,8,1,13,1,0,0,0,0,0,0,0,0,0,0,0,1,0,0,2013,3,2
879,1,7993,790,1,1,0,570,11,8,1,13,1,0,0,0,0,0,0,0,0,0,0,0,1,0,0,2013,3,3
878,2,6357,660,1,1,0,570,11,8,1,13,1,0,0,0,0,0,0,0,0,0,0,0,1,0,0,2013,3,4
877,3,6842,806,1,1,0,570,11,8,1,13,1,0,0,0,0,0,0,0,0,0,0,0,1,0,0,2013,3,5
876,4,5747,640,1,1,0,570,11,8,1,13,1,0,0,0,0,0,0,0,0,0,0,0,1,0,0,2013,3,6
875,5,4822,594,1,1,0,570,11,8,1,13,1,0,0,0,0,0,0,0,0,0,0,0,1,0,0,2013,3,7
874,6,2208,281,1,0,0,570,11,8,1,13,1,0,0,0,0,0,0,0,0,0,0,0,1,0,0,2013,3,8
873,7,0,0,0,0,0,570,11,8,1,13,1,0,0,0,0,0,0,0,0,0,0,0,1,0,0,2013,3,9
872,1,3778,505,1,0,0,570,11,8,1,13,1,0,0,0,0,0,0,0,0,0,0,0,1,0,0,2013,3,10
871,2,2991,424,1,0,0,570,11,8,1,13,1,0,0,0,0,0,0,0,0,0,0,0,1,0,0,2013,3,11
870,3,3874,516,1,0,0,570,11,8,1,13,1,0,0,0,0,0,0,0,0,0,0,0,1,0,0,2013,3,12
869,4,3964,514,1,0,0,570,11,8,1,13,1,0,0,0,0,0,0,0,0,0,0,0,1,0,0,2013,3,13
868,5,4181,491,1,0,0,570,11,8,1,13,1,0,0,0,0,0,0,0,0,0,0,0,1,0,0,2013,3,14
867,6,2956,346,1,0,0,570,11,8,1,13,1,0,0,0,0,0,0,0,0,0,0,0,1,0,0,2013,3,15
866,7,0,0,0,0,0,570,11,8,1,13,1,0,0,0,0,0,0,0,0,0,0,0,1,0,0,2013,3,16
865,1,7593,712,1,1,0,570,11,8,1,13,1,0,0,0,0,0,0,0,0,0,0,0,1,0,0,2013,3,17
864,2,6224,670,1,1,0,570,11,8,1,13,1,0,0,0,0,0,0,0,0,0,0,0,1,0,0,2013,3,18
863,3,6783,826,1,1,0,570,11,8,1,13,1,0,0,0,0,0,0,0,0,0,0,0,1,0,0,2013,3,19
862,4,5322,609,1,1,0,570,11,8,1,13,1,0,0,0,0,0,0,0,0,0,0,0,1,0,0,2013,3,20
861,5,4955,540,1,1,0,570,11,8,1,13,1,0,0,0,0,0,0,0,0,0,0,0,1,0,0,2013,3,21
860,6,2691,330,1,0,0,570,11,8,1,13,1,0,0,0,0,0,0,0,0,0,0,0,1,0,0,2013,3,22
859,7,0,0,0,0,0,570,11,8,1,13,1,0,0,0,0,0,0,0,0,0,0,0,1,0,0,2013,3,23
858,1,8412,844,1,1,1,570,11,8,1,13,1,0,0,0,0,0,0,0,0,0,0,0,1,0,0,2013,3,24
857,2,6384,702,1,1,1,570,11,8,1,13,1,0,0,0,0,0,0,0,0,0,0,0,1,0,0,2013,3,25
856,3,7880,892,1,1,1,570,11,8,1,13,1,0,0,0,0,0,0,0,0,0,0,0,1,0,0,2013,3,26
855,4,7229,801,1,1,1,570,11,8,1,13,1,0,0,0,0,0,0,0,0,0,0,0,1,0,0,2013,3,27
854,5,0,0,0,1,1,570,11,8,1,13,0,0,1,0,0,0,0,0,0,0,0,0,1,0,0,2013,3,28
853,6,4406,493,1,0,0,570,11,8,1,13,1,0,0,0,0,0,0,0,0,0,0,0,1,0,0,2013,3,29
852,7,0,0,0,0,0,570,11,8,1,13,1,0,0,0,0,0,0,0,0,0,0,0,1,0,0,2013,3,30
851,1,0,0,0,0,1,570,11,8,1,13,0,0,1,0,0,0,0,0,0,0,0,0,1,0,0,2013,4,0
850,2,3643,507,1,0,1,570,11,8,1,13,1,0,0,0,0,0,0,0,0,0,0,0,1,0,0,2013,4,1
849,3,4250,600,1,0,1,570,11,8,1,13,1,0,0,0,0,0,0,0,0,0,0,0,1,0,0,2013,4,2
848,4,4114,542,1,0,1,570,11,8,1,13,1,0,0,0,0,0,0,0,0,0,0,0,1,0,0,2013,4,3
847,5,3872,470,1,0,1,570,11,8,1,13,1,0,0,0,0,0,0,0,0,0,0,0,1,0,0,2013,4,4
846,6,2461,315,1,0,0,570,11,8,1,13,1,0,0,0,0,0,0,0,0,0,0,0,1,0,0,2013,4,5
845,7,0,0,0,0,0,570,11,8,1,13,1,0,0,0,0,0,0,0,0,0,0,0,1,0,0,2013,4,6
844,1,6696,732,1,1,0,570,11,8,1,13,1,0,0,0,0,0,0,0,0,0,0,0,1,0,0,2013,4,7
843,2,6574,667,1,1,0,570,11,8,1,13,1,0,0,0,0,0,0,0,0,0,0,0,1,0,0,2013,4,8
842,3,6520,780,1,1,0,570,11,8,1,13,1,0,0,0,0,0,0,0,0,0,0,0,1,0,0,2013,4,9
841,4,5301,606,1,1,0,570,11,8,1,13,1,0,0,0,0,0,0,0,0,0,0,0,1,0,0,2013,4,10
840,5,4334,519,1,1,0,570,11,8,1,13,1,0,0,0,0,0,0,0,0,0,0,0,1,0,0,2013,4,11
839,6,2561,324,1,0,0,570,11,8,1,13,1,0,0,0,0,0,0,0,0,0,0,0,1,0,0,2013,4,12
838,7,0,0,0,0,0,570,11,8,1,13,1,0,0,0,0,0,0,0,0,0,0,0,1,0,0,2013,4,13
837,1,3850,548,1,0,0,570,11,8,1,13,1,0,0,0,0,0,0,0,0,0,0,0,1,0,0,2013,4,14
836,2,4059,542,1,0,0,570,11,8,1,13,1,0,0,0,0,0,0,0,0,0,0,0,1,0,0,2013,4,15
835,3,4776,683,1,0,0,570,11,8,1,13,1,0,0,0,0,0,0,0,0,0,0,0,1,0,0,2013,4,16
834,4,3516,517,1,0,0,570,11,8,1,13,1,0,0,0,0,0,0,0,0,0,0,0,1,0,0,2013,4,17
833,5,3525,466,1,0,0,570,11,8,1,13,1,0,0,0,0,0,0,0,0,0,0,0,1,0,0,2013,4,18
832,6,2701,341,1,0,0,570,11,8,1,13,1,0,0,0,0,0,0,0,0,0,0,0,1,0,0,2013,4,19
831,7,0,0,0,0,0,570,11,8,1,13,1,0,0,0,0,0,0,0,0,0,0,0,1,0,0,2013,4,20
830,1,6774,719,1,1,0,570,11,8,1,13,1,0,0,0,0,0,0,0,0,0,0,0,1,0,0,2013,4,21
829,2,5775,634,1,1,0,570,11,8,1,13,1,0,0,0,0,0,0,0,0,0,0,0,1,0,0,2013,4,22
828,3,6260,766,1,1,0,570,11,8,1,13,1,0,0,0,0,0,0,0,0,0,0,0,1,0,0,2013,4,23
827,4,4689,571,1,1,0,570,11,8,1,13,1,0,0,0,0,0,0,0,0,0,0,0,1,0,0,2013,4,24
826,5,4914,604,1,1,0,570,11,8,1,13,1,0,0,0,0,0,0,0,0,0,0,0,1,0,0,2013,4,25
825,6,2134,297,1,0,0,570,11,8,1,13,1,0,0,0,0,0,0,0,0,0,0,0,1,0,0,2013,4,26
824,7,0,0,0,0,0,570,11,8,1,13,1,0,0,0,0,0,0,0,0,0,0,0,1,0,0,2013,4,27
823,1,6707,744,1,1,0,570,11,8,1,13,1,0,0,0,0,0,0,0,0,0,0,0,1,0,0,2013,4,28
822,2,6872,708,1,1,0,570,11,8,1,13,1,0,0,0,0,0,0,0,0,0,0,0,1,0,0,2013,4,29
821,3,0,0,0,1,0,570,11,8,1,13,0,1,0,0,0,0,0,0,0,0,0,0,1,0,0,2013,5,0
820,4,6699,762,1,1,0,570,11,8,1,13,1,0,0,0,0,0,0,0,0,0,0,0,1,0,0,2013,5,1
819,5,5938,794,1,1,0,570,11,8,1,13,1,0,0,0,0,0,0,0,0,0,0,0,1,0,0,2013,5,2
818,6,2260,339,1,0,0,570,11,8,1,13,1,0,0,0,0,0,0,0,0,0,0,0,1,0,0,2013,5,3
817,7,0,0,0,0,0,570,11,8,1,13,1,0,0,0,0,0,0,0,0,0,0,0,1,0,0,2013,5,4
816,1,3840,511,1,0,0,570,11,8,1,13,1,0,0,0,0,0,0,0,0,0,0,0,1,0,0,2013,5,5
815,2,4131,542,1,0,0,570,11,8,1,13,1,0,0,0,0,0,0,0,0,0,0,0,1,0,0,2013,5,6
814,3,5605,752,1,0,0,570,11,8,1,13,1,0,0,0,0,0,0,0,0,0,0,0,1,0,0,2013,5,7
813,4,0,0,0,0,0,570,11,8,1,13,0,1,0,0,0,0,0,0,0,0,0,0,1,0,0,2013,5,8
812,5,4888,636,1,0,1,570,11,8,1,13,1,0,0,0,0,0,0,0,0,0,0,0,1,0,0,2013,5,9
811,6,2702,367,1,0,0,570,11,8,1,13,1,0,0,0,0,0,0,0,0,0,0,0,1,0,0,2013,5,10
810,7,0,0,0,0,0,570,11,8,1,13,1,0,0,0,0,0,0,0,0,0,0,0,1,0,0,2013,5,11
809,1,6604,739,1,1,0,570,11,8,1,13,1,0,0,0,0,0,0,0,0,0,0,0,1,0,0,2013,5,12
808,2,5913,672,1,1,0,570,11,8,1,13,1,0,0,0,0,0,0,0,0,0,0,0,1,0,0,2013,5,13
807,3,6263,807,1,1,0,570,11,8,1,13,1,0,0,0,0,0,0,0,0,0,0,0,1,0,0,2013,5,14
806,4,5317,635,1,1,0,570,11,8,1,13,1,0,0,0,0,0,0,0,0,0,0,0,1,0,0,2013,5,15
805,5,4582,541,1,1,0,570,11,8,1,13,1,0,0,0,0,0,0,0,0,0,0,0,1,0,0,2013,5,16
804,6,2343,325,1,0,0,570,11,8,1,13,1,0,0,0,0,0,0,0,0,0,0,0,1,0,0,2013,5,17
803,7,0,0,0,0,0,570,11,8,1,13,1,0,0,0,0,0,0,0,0,0,0,0,1,0,0,2013,5,18
802,1,0,0,0,0,0,570,11,8,1,13,0,1,0,0,0,0,0,0,0,0,0,0,1,0,0,2013,5,19
801,2,4548,622,1,0,0,570,11,8,1,13,1,0,0,0,0,0,0,0,0,0,0,0,1,0,0,2013,5,20
800,3,4663,609,1,0,0,570,11,8,1,13,1,0,0,0,0,0,0,0,0,0,0,0,1,0,0,2013,5,21
799,4,3916,553,1,0,0,570,11,8,1,13,1,0,0,0,0,0,0,0,0,0,0,0,1,0,0,2013,5,22
798,5,3778,534,1,0,0,570,11,8,1,13,1,0,0,0,0,0,0,0,0,0,0,0,1,0,0,2013,5,23
797,6,2823,453,1,0,0,570,11,8,1,13,1,0,0,0,0,0,0,0,0,0,0,0,1,0,0,2013,5,24
796,7,0,0,0,0,0,570,11,8,1,13,1,0,0,0,0,0,0,0,0,0,0,0,1,0,0,2013,5,25
795,1,6751,678,1,1,0,570,11,8,1,13,1,0,0,0,0,0,0,0,0,0,0,0,1,0,0,2013,5,26
794,2,5732,665,1,1,0,570,11,8,1,13,1,0,0,0,0,0,0,0,0,0,0,0,1,0,0,2013,5,27
793,3,5345,679,1,1,0,570,11,8,1,13,1,0,0,0,0,0,0,0,0,0,0,0,1,0,0,2013,5,28
792,4,5822,631,1,1,0,570,11,8,1,13,1,0,0,0,0,0,0,0,0,0,0,0,1,0,0,2013,5,29
791,5,5916,632,1,1,0,570,11,8,1,13,1,0,0,0,0,0,0,0,0,0,0,0,1,0,0,2013,5,30
790,6,2335,295,1,0,0,570,11,8,1,13,1,0,0,0,0,0,0,0,0,0,0,0,1,0,0,2013,6,0
789,7,0,0,0,0,0,570,11,8,1,13,1,0,0,0,0,0,0,0,0,0,0,0,1,0,0,2013,6,1
788,1,6959,753,1,1,0,570,11,8,1,13,1,0,0,0,0,0,0,0,0,0,0,0,1,0,0,2013,6,2
787,2,6280,709,1,1,0,570,11,8,1,13,1,0,0,0,0,0,0,0,0,0,0,0,1,0,0,2013,6,3
786,3,6682,823,1,1,0,570,11,8,1,13,1,0,0,0,0,0,0,0,0,0,0,0,1,0,0,2013,6,4
785,4,4776,580,1,1,0,570,11,8,1,13,1,0,0,0,0,0,0,0,0,0,0,0,1,0,0,2013,6,5
784,5,5237,587,1,1,0,570,11,8,1,13,1,0,0,0,0,0,0,0,0,0,0,0,1,0,0,2013,6,6
783,6,2246,306,1,0,0,570,11,8,1,13,1,0,0,0,0,0,0,0,0,0,0,0,1,0,0,2013,6,7
782,7,0,0,0,0,0,570,11,8,1,13,1,0,0,0,0,0,0,0,0,0,0,0,1,0,0,2013,6,8
781,1,3786,495,1,0,0,570,11,8,1,13,1,0,0,0,0,0,0,0,0,0,0,0,1,0,0,2013,6,9
780,2,4233,595,1,0,0,570,11,8,1,13,1,0,0,0,0,0,0,0,0,0,0,0,1,0,0,2013,6,10
779,3,4638,645,1,0,0,570,11,8,1,13,1,0,0,0,0,0,0,0,0,0,0,0,1,0,0,2013,6,11
778,4,3763,490,1,0,0,570,11,8,1,13,1,0,0,0,0,0,0,0,0,0,0,0,1,0,0,2013,6,12
777,5,4437,558,1,0,0,570,11,8,1,13,1,0,0,0,0,0,0,0,0,0,0,0,1,0,0,2013,6,13
776,6,2724,372,1,0,0,570,11,8,1,13,1,0,0,0,0,0,0,0,0,0,0,0,1,0,0,2013,6,14
775,7,0,0,0,0,0,570,11,8,1,13,1,0,0,0,0,0,0,0,0,0,0,0,1,0,0,2013,6,15
774,1,7259,743,1,1,0,570,11,8,1,13,1,0,0,0,0,0,0,0,0,0,0,0,1,0,0,2013,6,16
773,2,5309,611,1,1,0,570,11,8,1,13,1,0,0,0,0,0,0,0,0,0,0,0,1,0,0,2013,6,17
772,3,5708,734,1,1,0,570,11,8,1,13,1,0,0,0,0,0,0,0,0,0,0,0,1,0,0,2013,6,18
771,4,4683,547,1,1,0,570,11,8,1,13,1,0,0,0,0,0,0,0,0,0,0,0,1,0,0,2013,6,19
770,5,5333,626,1,1,0,570,11,8,1,13,1,0,0,0,0,0,0,0,0,0,0,0,1,0,0,2013,6,20
769,6,2566,361,1,0,0,570,11,8,1,13,1,0,0,0,0,0,0,0,0,0,0,0,1,0,0,2013,6,21
768,7,0,0,0,0,0,570,11,8,1,13,1,0,0,0,0,0,0,0,0,0,0,0,1,0,0,2013,6,22
767,1,4388,562,1,0,0,570,11,8,1,13,1,0,0,0,0,0,0,0,0,0,0,0,1,0,0,2013,6,23
766,2,3921,533,1,0,0,570,11,8,1,13,1,0,0,0,0,0,0,0,0,0,0,0,1,0,0,2013,6,24
765,3,4869,684,1,0,0,570,11,8,1,13,1,0,0,0,0,0,0,0,0,0,0,0,1,0,0,2013,6,25
764,4,4791,575,1,0,0,570,11,8,1,13,1,0,0,0,0,0,0,0,0,0,0,0,1,0,0,2013,6,26
763,5,5261,664,1,0,0,570,11,8,1,13,1,0,0,0,0,0,0,0,0,0,0,0,1,0,0,2013,6,27
762,6,3687,428,1,0,0,570,11,8,1,13,1,0,0,0,0,0,0,0,0,0,0,0,1,0,0,2013,6,28
761,7,0,0,0,0,0,570,11,8,1,13,1,0,0,0,0,0,0,0,0,0,0,0,1,0,0,2013,6,29
760,1,6336,715,1,1,0,570,11,8,1,13,1,0,0,0,0,0,0,0,0,0,0,0,1,0,0,2013,7,0
759,2,5862,728,1,1,0,570,11,8,1,13,1,0,0,0,0,0,0,0,0,0,0,0,1,0,0,2013,7,1
758,3,6527,811,1,1,0,570,11,8,1,13,1,0,0,0,0,0,0,0,0,0,0,0,1,0,0,2013,7,2
757,4,5820,788,1,1,0,570,11,8,1,13,1,0,0,0,0,0,0,0,0,0,0,0,1,0,0,2013,7,3
756,5,5288,1036,1,1,0,570,11,8,1,13,1,0,0,0,0,0,0,0,0,0,0,0,1,0,0,2013,7,4
755,6,4504,1164,1,0,0,570,11,8,1,13,1,0,0,0,0,0,0,0,0,0,0,0,1,0,0,2013,7,5
754,7,0,0,0,0,0,570,11,8,1,13,1,0,0,0,0,0,0,0,0,0,0,0,1,0,0,2013,7,6
753,1,4460,565,1,0,0,570,11,8,1,13,1,0,0,0,0,0,0,0,0,0,0,0,1,0,0,2013,7,7
752,2,4600,582,1,0,0,570,11,8,1,13,1,0,0,0,0,0,0,0,0,0,0,0,1,0,0,2013,7,8
751,3,5244,735,1,0,0,570,11,8,1,13,1,0,0,0,0,0,0,0,0,0,0,0,1,0,0,2013,7,9
750,4,4772,593,1,0,0,570,11,8,1,13,1,0,0,0,0,0,0,0,0,0,0,0,1,0,0,2013,7,10
749,5,4605,560,1,0,0,570,11,8,1,13,1,0,0,0,0,0,0,0,0,0,0,0,1,0,0,2013,7,11
748,6,2838,357,1,0,0,570,11,8,1,13,1,0,0,0,0,0,0,0,0,0,0,0,1,0,0,2013,7,12
747,7,0,0,0,0,0,570,11,8,1,13,1,0,0,0,0,0,0,0,0,0,0,0,1,0,0,2013,7,13
746,1,8528,804,1,1,1,570,11,8,1,13,1,0,0,0,0,0,0,0,0,0,0,0,1,0,0,2013,7,14
745,2,6670,705,1,1,1,570,11,8,1,13,1,0,0,0,0,0,0,0,0,0,0,0,1,0,0,2013,7,15
744,3,6219,804,1,1,1,570,11,8,1,13,1,0,0,0,0,0,0,0,0,0,0,0,1,0,0,2013,7,16
743,4,5907,659,1,1,1,570,11,8,1,13,1,0,0,0,0,0,0,0,0,0,0,0,1,0,0,2013,7,17
742,5,4885,601,1,1,1,570,11,8,1,13,1,0,0,0,0,0,0,0,0,0,0,0,1,0,0,2013,7,18
741,6,2670,326,1,0,0,570,11,8,1,13,1,0,0,0,0,0,0,0,0,0,0,0,1,0,0,2013,7,19
740,7,0,0,0,0,0,570,11,8,1,13,1,0,0,0,0,0,0,0,0,0,0,0,1,0,0,2013,7,20
739,1,3658,490,1,0,1,570,11,8,1,13,1,0,0,0,0,0,0,0,0,0,0,0,1,0,0,2013,7,21
738,2,3726,469,1,0,1,570,11,8,1,13,1,0,0,0,0,0,0,0,0,0,0,0,1,0,0,2013,7,22
737,3,4282,611,1,0,1,570,11,8,1,13,1,0,0,0,0,0,0,0,0,0,0,0,1,0,0,2013,7,23
736,4,3531,496,1,0,1,570,11,8,1,13,1,0,0,0,0,0,0,0,0,0,0,0,1,0,0,2013,7,24
735,5,3441,438,1,0,1,570,11,8,1,13,1,0,0,0,0,0,0,0,0,0,0,0,1,0,0,2013,7,25
734,6,2059,292,1,0,0,570,11,8,1,13,1,0,0,0,0,0,0,0,0,0,0,0,1,0,0,2013,7,26
733,7,0,0,0,0,0,570,11,8,1,13,1,0,0,0,0,0,0,0,0,0,0,0,1,0,0,2013,7,27
732,1,7249,717,1,1,1,570,11,8,1,13,1,0,0,0,0,0,0,0,0,0,0,0,1,0,0,2013,7,28
731,2,6802,702,1,1,1,570,11,8,1,13,1,0,0,0,0,0,0,0,0,0,0,0,1,0,0,2013,7,29
730,3,8295,942,1,1,1,570,11,8,1,13,1,0,0,0,0,0,0,0,0,0,0,0,1,0,0,2013,7,30
729,4,5640,643,1,1,1,570,11,8,1,13,1,0,0,0,0,0,0,0,0,0,0,0,1,0,0,2013,8,0
728,5,4776,545,1,1,1,570,11,8,1,13,1,0,0,0,0,0,0,0,0,0,0,0,1,0,0,2013,8,1
727,6,2641,353,1,0,0,570,11,8,1,13,1,0,0,0,0,0,0,0,0,0,0,0,1,0,0,2013,8,2
726,7,0,0,0,0,0,570,11,8,1,13,1,0,0,0,0,0,0,0,0,0,0,0,1,0,0,2013,8,3
725,1,4066,526,1,0,1,570,11,8,1,13,1,0,0,0,0,0,0,0,0,0,0,0,1,0,0,2013,8,4
724,2,3434,475,1,0,1,570,11,8,1,13,1,0,0,0,0,0,0,0,0,0,0,0,1,0,0,2013,8,5
723,3,4467,650,1,0,1,570,11,8,1,13,1,0,0,0,0,0,0,0,0,0,0,0,1,0,0,2013,8,6
722,4,3949,520,1,0,1,570,11,8,1,13,1,0,0,0,0,0,0,0,0,0,0,0,1,0,0,2013,8,7
721,5,3551,456,1,0,1,570,11,8,1,13,1,0,0,0,0,0,0,0,0,0,0,0,1,0,0,2013,8,8
720,6,2624,312,1,0,0,570,11,8,1,13,1,0,0,0,0,0,0,0,0,0,0,0,1,0,0,2013,8,9
719,7,0,0,0,0,0,570,11,8,1,13,1,0,0,0,0,0,0,0,0,0,0,0,1,0,0,2013,8,10
718,1,6518,725,1,1,1,570,11,8,1,13,1,0,0,0,0,0,0,0,0,0,0,0,1,0,0,2013,8,11
717,2,6154,640,1,1,1,570,11,8,1,13,1,0,0,0,0,0,0,0,0,0,0,0,1,0,0,2013,8,12
716,3,7229,860,1,1,1,570,11,8,1,13,1,0,0,0,0,0,0,0,0,0,0,0,1,0,0,2013,8,13
715,4,5186,619,1,1,1,570,11,8,1,13,1,0,0,0,0,0,0,0,0,0,0,0,1,0,0,2013,8,14
714,5,4895,571,1,1,1,570,11,8,1,13,1,0,0,0,0,0,0,0,0,0,0,0,1,0,0,2013,8,15
713,6,2731,353,1,0,0,570,11,8,1,13,1,0,0,0,0,0,0,0,0,0,0,0,1,0,0,2013,8,16
712,7,0,0,0,0,0,570,11,8,1,13,1,0,0,0,0,0,0,0,0,0,0,0,1,0,0,2013,8,17
711,1,3747,528,1,0,1,570,11,8,1,13,1,0,0,0,0,0,0,0,0,0,0,0,1,0,0,2013,8,18
710,2,3894,517,1,0,1,570,11,8,1,13,1,0,0,0,0,0,0,0,0,0,0,0,1,0,0,2013,8,19
709,3,4399,655,1,0,1,570,11,8,1,13,1,0,0,0,0,0,0,0,0,0,0,0,1,0,0,2013,8,20
708,4,3998,536,1,0,1,570,11,8,1,13,1,0,0,0,0,0,0,0,0,0,0,0,1,0,0,2013,8,21
707,5,3652,523,1,0,1,570,11,8,1,13,1,0,0,0,0,0,0,0,0,0,0,0,1,0,0,2013,8,22
706,6,2546,343,1,0,0,570,11,8,1,13,1,0,0,0,0,0,0,0,0,0,0,0,1,0,0,2013,8,23
705,7,0,0,0,0,0,570,11,8,1,13,1,0,0,0,0,0,0,0,0,0,0,0,1,0,0,2013,8,24
704,1,7453,752,1,1,0,570,11,8,1,13,1,0,0,0,0,0,0,0,0,0,0,0,1,0,0,2013,8,25
703,2,6529,717,1,1,0,570,11,8,1,13,1,0,0,0,0,0,0,0,0,0,0,0,1,0,0,2013,8,26
702,3,6474,811,1,1,0,570,11,8,1,13,1,0,0,0,0,0,0,0,0,0,0,0,1,0,0,2013,8,27
701,4,5527,635,1,1,0,570,11,8,1,13,1,0,0,0,0,0,0,0,0,0,0,0,1,0,0,2013,8,28
700,5,6280,702,1,1,0,570,11,8,1,13,1,0,0,0,0,0,0,0,0,0,0,0,1,0,0,2013,8,29
699,6,2803,348,1,0,0,570,11,8,1,13,1,0,0,0,0,0,0,0,0,0,0,0,1,0,0,2013,8,30
698,7,0,0,0,0,0,570,11,8,1,13,1,0,0,0,0,0,0,0,0,0,0,0,1,0,0,2013,9,0
697,1,4305,547,1,0,0,570,11,8,1,13,1,0,0,0,0,0,0,0,0,0,0,0,1,0,0,2013,9,1
696,2,4199,549,1,0,0,570,11,8,1,13,1,0,0,0,0,0,0,0,0,0,0,0,1,0,0,2013,9,2
695,3,4709,673,1,0,0,570,11,8,1,13,1,0,0,0,0,0,0,0,0,0,0,0,1,0,0,2013,9,3
694,4,3784,531,1,0,0,570,11,8,1,13,1,0,0,0,0,0,0,0,0,0,0,0,1,0,0,2013,9,4
693,5,3793,471,1,0,0,570,11,8,1,13,1,0,0,0,0,0,0,0,0,0,0,0,1,0,0,2013,9,5
692,6,2540,330,1,0,0,570,11,8,1,13,1,0,0,0,0,0,0,0,0,0,0,0,1,0,0,2013,9,6
691,7,0,0,0,0,0,570,11,8,1,13,1,0,0,0,0,0,0,0,0,0,0,0,1,0,0,2013,9,7
690,1,7005,726,1,1,0,570,11,8,1,13,1,0,0,0,0,0,0,0,0,0,0,0,1,0,0,2013,9,8
689,2,6578,707,1,1,0,570,11,8,1,13,1,0,0,0,0,0,0,0,0,0,0,0,1,0,0,2013,9,9
688,3,6537,791,1,1,0,570,11,8,1,13,1,0,0,0,0,0,0,0,0,0,0,0,1,0,0,2013,9,10
687,4,5558,618,1,1,0,570,11,8,1,13,1,0,0,0,0,0,0,0,0,0,0,0,1,0,0,2013,9,11
686,5,4954,550,1,1,0,570,11,8,1,13,1,0,0,0,0,0,0,0,0,0,0,0,1,0,0,2013,9,12
685,6,2841,352,1,0,0,570,11,8,1,13,1,0,0,0,0,0,0,0,0,0,0,0,1,0,0,2013,9,13
684,7,0,0,0,0,0,570,11,8,1,13,1,0,0,0,0,0,0,0,0,0,0,0,1,0,0,2013,9,14
683,1,3837,509,1,0,0,570,11,8,1,13,1,0,0,0,0,0,0,0,0,0,0,0,1,0,0,2013,9,15
682,2,3823,525,1,0,0,570,11,8,1,13,1,0,0,0,0,0,0,0,0,0,0,0,1,0,0,2013,9,16
681,3,4574,625,1,0,0,570,11,8,1,13,1,0,0,0,0,0,0,0,0,0,0,0,1,0,0,2013,9,17
680,4,3840,509,1,0,0,570,11,8,1,13,1,0,0,0,0,0,0,0,0,0,0,0,1,0,0,2013,9,18
679,5,3949,475,1,0,0,570,11,8,1,13,1,0,0,0,0,0,0,0,0,0,0,0,1,0,0,2013,9,19
678,6,2651,335,1,0,0,570,11,8,1,13,1,0,0,0,0,0,0,0,0,0,0,0,1,0,0,2013,9,20
677,7,0,0,0,0,0,570,11,8,1,13,1,0,0,0,0,0,0,0,0,0,0,0,1,0,0,2013,9,21
676,1,6802,677,1,1,0,570,11,8,1,13,1,0,0,0,0,0,0,0,0,0,0,0,1,0,0,2013,9,22
675,2,6387,670,1,1,0,570,11,8,1,13,1,0,0,0,0,0,0,0,0,0,0,0,1,0,0,2013,9,23
674,3,6708,858,1,1,0,570,11,8,1,13,1,0,0,0,0,0,0,0,0,0,0,0,1,0,0,2013,9,24
673,4,5795,629,1,1,0,570,11,8,1,13,1,0,0,0,0,0,0,0,0,0,0,0,1,0,0,2013,9,25
672,5,4874,547,1,1,0,570,11,8,1,13,1,0,0,0,0,0,0,0,0,0,0,0,1,0,0,2013,9,26
671,6,3428,383,1,0,0,570,11,8,1,13,1,0,0,0,0,0,0,0,0,0,0,0,1,0,0,2013,9,27
670,7,0,0,0,0,0,570,11,8,1,13,1,0,0,0,0,0,0,0,0,0,0,0,1,0,0,2013,9,28
669,1,5610,691,1,0,0,570,11,8,1,13,1,0,0,0,0,0,0,0,0,0,0,0,1,0,0,2013,9,29
668,2,3830,539,1,0,0,570,11,8,1,13,1,0,0,0,0,0,0,0,0,0,0,0,1,0,0,2013,10,0
667,3,5238,691,1,0,0,570,11,8,1,13,1,0,0,0,0,0,0,0,0,0,0,0,1,0,0,2013,10,1
666,4,2656,381,1,0,0,570,11,8,1,13,0,1,0,0,0,0,0,0,0,0,0,0,1,0,0,2013,10,2
665,5,4671,547,1,0,0,570,11,8,1,13,1,0,0,0,0,0,0,0,0,0,0,0,1,0,0,2013,10,3
664,6,2688,342,1,0,0,570,11,8,1,13,1,0,0,0,0,0,0,0,0,0,0,0,1,0,0,2013,10,4
663,7,0,0,0,0,0,570,11,8,1,13,1,0,0,0,0,0,0,0,0,0,0,0,1,0,0,2013,10,5
662,1,7368,737,1,1,0,570,11,8,1,13,1,0,0,0,0,0,0,0,0,0,0,0,1,0,0,2013,10,6
661,2,6282,691,1,1,0,570,11,8,1,13,1,0,0,0,0,0,0,0,0,0,0,0,1,0,0,2013,10,7
660,3,7006,826,1,1,0,570,11,8,1,13,1,0,0,0,0,0,0,0,0,0,0,0,1,0,0,2013,10,8
659,4,4972,555,1,1,0,570,11,8,1,13,1,0,0,0,0,0,0,0,0,0,0,0,1,0,0,2013,10,9
658,5,4923,547,1,1,0,570,11,8,1,13,1,0,0,0,0,0,0,0,0,0,0,0,1,0,0,2013,10,10
657,6,2914,344,1,0,0,570,11,8,1,13,1,0,0,0,0,0,0,0,0,0,0,0,1,0,0,2013,10,11
656,7,0,0,0,0,0,570,11,8,1,13,1,0,0,0,0,0,0,0,0,0,0,0,1,0,0,2013,10,12
655,1,4528,578,1,0,0,570,11,8,1,13,1,0,0,0,0,0,0,0,0,0,0,0,1,0,0,2013,10,13
654,2,3584,472,1,0,0,570,11,8,1,13,1,0,0,0,0,0,0,0,0,0,0,0,1,0,0,2013,10,14
653,3,5035,679,1,0,0,570,11,8,1,13,1,0,0,0,0,0,0,0,0,0,0,0,1,0,0,2013,10,15
652,4,3986,519,1,0,0,570,11,8,1,13,1,0,0,0,0,0,0,0,0,0,0,0,1,0,0,2013,10,16
651,5,4095,548,1,0,0,570,11,8,1,13,1,0,0,0,0,0,0,0,0,0,0,0,1,0,0,2013,10,17
650,6,2441,325,1,0,0,570,11,8,1,13,1,0,0,0,0,0,0,0,0,0,0,0,1,0,0,2013,10,18
649,7,0,0,0,0,0,570,11,8,1,13,1,0,0,0,0,0,0,0,0,0,0,0,1,0,0,2013,10,19
648,1,6538,730,1,1,1,570,11,8,1,13,1,0,0,0,0,0,0,0,0,0,0,0,1,0,0,2013,10,20
647,2,5450,582,1,1,1,570,11,8,1,13,1,0,0,0,0,0,0,0,0,0,0,0,1,0,0,2013,10,21
646,3,5896,754,1,1,1,570,11,8,1,13,1,0,0,0,0,0,0,0,0,0,0,0,1,0,0,2013,10,22
645,4,5015,604,1,1,1,570,11,8,1,13,1,0,0,0,0,0,0,0,0,0,0,0,1,0,0,2013,10,23
644,5,4524,531,1,1,1,570,11,8,1,13,1,0,0,0,0,0,0,0,0,0,0,0,1,0,0,2013,10,24
643,6,2517,348,1,0,0,570,11,8,1,13,1,0,0,0,0,0,0,0,0,0,0,0,1,0,0,2013,10,25
642,7,0,0,0,0,0,570,11,8,1,13,1,0,0,0,0,0,0,0,0,0,0,0,1,0,0,2013,10,26
641,1,3859,526,1,0,1,570,11,8,1,13,1,0,0,0,0,0,0,0,0,0,0,0,1,0,0,2013,10,27
640,2,4074,532,1,0,1,570,11,8,1,13,1,0,0,0,0,0,0,0,0,0,0,0,1,0,0,2013,10,28
639,3,6272,796,1,0,1,570,11,8,1,13,1,0,0,0,0,0,0,0,0,0,0,0,1,0,0,2013,10,29
638,4,0,0,0,0,1,570,11,8,1,13,0,1,0,0,0,0,0,0,0,0,0,0,1,0,0,2013,10,30
637,5,5507,664,1,0,1,570,11,8,1,13,1,0,0,0,0,0,0,0,0,0,0,0,1,0,0,2013,11,0
636,6,2688,355,1,0,0,570,11,8,1,13,1,0,0,0,0,0,0,0,0,0,0,0,1,0,0,2013,11,1
635,7,0,0,0,0,0,570,11,8,1,13,1,0,0,0,0,0,0,0,0,0,0,0,1,0,0,2013,11,2
634,1,7930,768,1,1,0,570,11,8,1,13,1,0,0,0,0,0,0,0,0,0,0,0,1,0,0,2013,11,3
633,2,6368,681,1,1,0,570,11,8,1,13,1,0,0,0,0,0,0,0,0,0,0,0,1,0,0,2013,11,4
632,3,6941,798,1,1,0,570,11,8,1,13,1,0,0,0,0,0,0,0,0,0,0,0,1,0,0,2013,11,5
631,4,5570,630,1,1,0,570,11,8,1,13,1,0,0,0,0,0,0,0,0,0,0,0,1,0,0,2013,11,6
630,5,5441,590,1,1,0,570,11,8,1,13,1,0,0,0,0,0,0,0,0,0,0,0,1,0,0,2013,11,7
629,6,3145,376,1,0,0,570,11,8,1,13,1,0,0,0,0,0,0,0,0,0,0,0,1,0,0,2013,11,8
628,7,0,0,0,0,0,570,11,8,1,13,1,0,0,0,0,0,0,0,0,0,0,0,1,0,0,2013,11,9
627,1,4017,509,1,0,0,570,11,8,1,13,1,0,0,0,0,0,0,0,0,0,0,0,1,0,0,2013,11,10
626,2,4116,537,1,0,0,570,11,8,1,13,1,0,0,0,0,0,0,0,0,0,0,0,1,0,0,2013,11,11
625,3,4980,668,1,0,0,570,11,8,1,13,1,0,0,0,0,0,0,0,0,0,0,0,1,0,0,2013,11,12
624,4,4388,541,1,0,0,570,11,8,1,13,1,0,0,0,0,0,0,0,0,0,0,0,1,0,0,2013,11,13
623,5,4042,505,1,0,0,570,11,8,1,13,1,0,0,0,0,0,0,0,0,0,0,0,1,0,0,2013,11,14
622,6,2829,359,1,0,0,570,11,8,1,13,1,0,0,0,0,0,0,0,0,0,0,0,1,0,0,2013,11,15
621,7,0,0,0,0,0,570,11,8,1,13,1,0,0,0,0,0,0,0,0,0,0,0,1,0,0,2013,11,16
620,1,7435,735,1,1,0,570,11,8,1,13,1,0,0,0,0,0,0,0,0,0,0,0,1,0,0,2013,11,17
619,2,6016,660,1,1,0,570,11,8,1,13,1,0,0,0,0,0,0,0,0,0,0,0,1,0,0,2013,11,18
618,3,6390,690,1,1,0,570,11,8,1,13,1,0,0,0,0,0,0,0,0,0,0,0,1,0,0,2013,11,19
617,4,5397,571,1,1,0,570,11,8,1,13,1,0,0,0,0,0,0,0,0,0,0,0,1,0,0,2013,11,20
616,5,4474,537,1,1,0,570,11,8,1,13,1,0,0,0,0,0,0,0,0,0,0,0,1,0,0,2013,11,21
615,6,2965,335,1,0,0,570,11,8,1,13,1,0,0,0,0,0,0,0,0,0,0,0,1,0,0,2013,11,22
614,7,0,0,0,0,0,570,11,8,1,13,1,0,0,0,0,0,0,0,0,0,0,0,1,0,0,2013,11,23
613,1,4669,556,1,0,0,570,11,8,1,13,1,0,0,0,0,0,0,0,0,0,0,0,1,0,0,2013,11,24
612,2,4303,543,1,0,0,570,11,8,1,13,1,0,0,0,0,0,0,0,0,0,0,0,1,0,0,2013,11,25
611,3,5498,694,1,0,0,570,11,8,1,13,1,0,0,0,0,0,0,0,0,0,0,0,1,0,0,2013,11,26
610,4,5149,579,1,0,0,570,11,8,1,13,1,0,0,0,0,0,0,0,0,0,0,0,1,0,0,2013,11,27
609,5,5027,587,1,0,0,570,11,8,1,13,1,0,0,0,0,0,0,0,0,0,0,0,1,0,0,2013,11,28
608,6,3343,365,1,0,0,570,11,8,1,13,1,0,0,0,0,0,0,0,0,0,0,0,1,0,0,2013,11,29
607,7,0,0,0,0,0,570,11,8,1,13,1,0,0,0,0,0,0,0,0,0,0,0,1,0,0,2013,12,0
606,1,8836,850,1,1,0,570,11,8,1,13,1,0,0,0,0,0,0,0,0,0,0,0,1,0,0,2013,12,1
605,2,8137,741,1,1,0,570,11,8,1,13,1,0,0,0,0,0,0,0,0,0,0,0,1,0,0,2013,12,2
604,3,8202,854,1,1,0,570,11,8,1,13,1,0,0,0,0,0,0,0,0,0,0,0,1,0,0,2013,12,3
603,4,7163,701,1,1,0,570,11,8,1,13,1,0,0,0,0,0,0,0,0,0,0,0,1,0,0,2013,12,4
602,5,4816,544,1,1,0,570,11,8,1,13,1,0,0,0,0,0,0,0,0,0,0,0,1,0,0,2013,12,5
601,6,2534,302,1,0,0,570,11,8,1,13,1,0,0,0,0,0,0,0,0,0,0,0,1,0,0,2013,12,6
600,7,0,0,0,0,0,570,11,8,1,13,1,0,0,0,0,0,0,0,0,0,0,0,1,0,0,2013,12,7
599,1,4392,587,1,0,0,570,11,8,1,13,1,0,0,0,0,0,0,0,0,0,0,0,1,0,0,2013,12,8
598,2,4994,629,1,0,0,570,11,8,1,13,1,0,0,0,0,0,0,0,0,0,0,0,1,0,0,2013,12,9
597,3,6052,732,1,0,0,570,11,8,1,13,1,0,0,0,0,0,0,0,0,0,0,0,1,0,0,2013,12,10
596,4,5232,591,1,0,0,570,11,8,1,13,1,0,0,0,0,0,0,0,0,0,0,0,1,0,0,2013,12,11
595,5,4808,546,1,0,0,570,11,8,1,13,1,0,0,0,0,0,0,0,0,0,0,0,1,0,0,2013,12,12
594,6,3236,353,1,0,0,570,11,8,1,13,1,0,0,0,0,0,0,0,0,0,0,0,1,0,0,2013,12,13
593,7,0,0,0,0,0,570,11,8,1,13,1,0,0,0,0,0,0,0,0,0,0,0,1,0,0,2013,12,14
592,1,10479,925,1,1,0,570,11,8,1,13,1,0,0,0,0,0,0,0,0,0,0,0,1,0,0,2013,12,15
591,2,10374,882,1,1,0,570,11,8,1,13,1,0,0,0,0,0,0,0,0,0,0,0,1,0,0,2013,12,16
590,3,10019,1011,1,1,0,570,11,8,1,13,1,0,0,0,0,0,0,0,0,0,0,0,1,0,0,2013,12,17
589,4,8559,823,1,1,0,570,11,8,1,13,1,0,0,0,0,0,0,0,0,0,0,0,1,0,0,2013,12,18
588,5,7574,801,1,1,0,570,11,8,1,13,1,0,0,0,0,0,0,0,0,0,0,0,1,0,0,2013,12,19
587,6,4941,539,1,0,0,570,11,8,1,13,1,0,0,0,0,0,0,0,0,0,0,0,1,0,0,2013,12,20
586,7,0,0,0,0,0,570,11,8,1,13,1,0,0,0,0,0,0,0,0,0,0,0,1,0,0,2013,12,21
585,1,8640,971,1,0,1,570,11,8,1,13,1,0,0,0,0,0,0,0,0,0,0,0,1,0,0,2013,12,22
584,2,2407,277,1,0,1,570,11,8,1,13,1,0,0,0,0,0,0,0,0,0,0,0,1,0,0,2013,12,23
583,3,0,0,0,0,1,570,11,8,1,13,0,0,0,1,0,0,0,0,0,0,0,0,1,0,0,2013,12,24
582,4,0,0,0,0,1,570,11,8,1,13,0,0,0,1,0,0,0,0,0,0,0,0,1,0,0,2013,12,25
581,5,5582,659,1,0,1,570,11,8,1,13,1,0,0,0,0,0,0,0,0,0,0,0,1,0,0,2013,12,26
580,6,3561,416,1,0,0,570,11,8,1,13,1,0,0,0,0,0,0,0,0,0,0,0,1,0,0,2013,12,27
579,7,0,0,0,0,0,570,11,8,1,13,1,0,0,0,0,0,0,0,0,0,0,0,1,0,0,2013,12,28
578,1,7528,852,1,0,1,570,11,8,1,13,1,0,0,0,0,0,0,0,0,0,0,0,1,0,0,2013,12,29
577,2,2148,268,1,0,1,570,11,8,1,13,1,0,0,0,0,0,0,0,0,0,0,0,1,0,0,2013,12,30
576,3,0,0,0,0,1,570,11,8,1,13,0,1,0,0,0,0,0,0,0,0,0,0,1,0,0,2014,1,0
575,4,3759,531,1,0,1,570,11,8,1,13,1,0,0,0,0,0,0,0,0,0,0,0,1,0,0,2014,1,1
574,5,4802,560,1,0,1,570,11,8,1,13,1,0,0,0,0,0,0,0,0,0,0,0,1,0,0,2014,1,2
573,6,2760,321,1,0,0,570,11,8,1,13,1,0,0,0,0,0,0,0,0,0,0,0,1,0,0,2014,1,3
572,7,0,0,0,0,0,570,11,8,1,13,1,0,0,0,0,0,0,0,0,0,0,0,1,0,0,2014,1,4
571,1,8317,823,1,1,0,570,11,8,1,13,1,0,0,0,0,0,0,0,0,0,0,0,1,0,0,2014,1,5
570,2,6567,727,1,1,0,570,11,8,1,13,1,0,0,0,0,0,0,0,0,0,0,0,1,0,0,2014,1,6
569,3,6597,796,1,1,0,570,11,8,1,13,1,0,0,0,0,0,0,0,0,0,0,0,1,0,0,2014,1,7
568,4,6081,643,1,1,0,570,11,8,1,13,1,0,0,0,0,0,0,0,0,0,0,0,1,0,0,2014,1,8
567,5,5146,628,1,1,0,570,11,8,1,13,1,0,0,0,0,0,0,0,0,0,0,0,1,0,0,2014,1,9
566,6,2872,358,1,0,0,570,11,8,1,13,1,0,0,0,0,0,0,0,0,0,0,0,1,0,0,2014,1,10
565,7,0,0,0,0,0,570,11,8,1,13,1,0,0,0,0,0,0,0,0,0,0,0,1,0,0,2014,1,11
564,1,4290,552,1,0,0,570,11,8,1,13,1,0,0,0,0,0,0,0,0,0,0,0,1,0,0,2014,1,12
563,2,4195,497,1,0,0,570,11,8,1,13,1,0,0,0,0,0,0,0,0,0,0,0,1,0,0,2014,1,13
562,3,4919,673,1,0,0,570,11,8,1,13,1,0,0,0,0,0,0,0,0,0,0,0,1,0,0,2014,1,14
561,4,3998,507,1,0,0,570,11,8,1,13,1,0,0,0,0,0,0,0,0,0,0,0,1,0,0,2014,1,15
560,5,3868,480,1,0,0,570,11,8,1,13,1,0,0,0,0,0,0,0,0,0,0,0,1,0,0,2014,1,16
559,6,2497,322,1,0,0,570,11,8,1,13,1,0,0,0,0,0,0,0,0,0,0,0,1,0,0,2014,1,17
558,7,0,0,0,0,0,570,11,8,1,13,0,0,0,0,0,0,0,0,0,0,0,0,1,0,0,2014,1,18
557,1,7082,739,1,1,0,570,11,8,1,13,0,0,0,0,0,0,0,0,0,0,0,0,1,0,0,2014,1,19
556,2,6564,691,1,1,0,570,11,8,1,13,0,0,0,0,0,0,0,0,0,0,0,0,1,0,0,2014,1,20
555,3,5451,680,1,1,0,570,11,8,1,13,0,0,0,0,0,0,0,0,0,0,0,0,1,0,0,2014,1,21
554,4,5010,531,1,1,0,570,11,8,1,13,0,0,0,0,0,0,0,0,0,0,0,0,1,0,0,2014,1,22
553,5,4701,531,1,1,0,570,11,8,1,13,0,0,0,0,0,0,0,0,0,0,0,0,1,0,0,2014,1,23
552,6,2274,290,1,0,0,570,11,8,1,13,0,0,0,0,0,0,0,0,0,0,0,0,1,0,0,2014,1,24
551,7,0,0,0,0,0,570,11,8,1,13,0,0,0,0,0,0,0,0,0,0,0,0,1,0,0,2014,1,25
550,1,3708,507,1,0,0,570,11,8,1,13,0,0,0,0,0,0,0,0,0,0,0,0,1,0,0,2014,1,26
549,2,3677,497,1,0,0,570,11,8,1,13,0,0,0,0,0,0,0,0,0,0,0,0,1,0,0,2014,1,27
548,3,4292,567,1,0,0,570,11,8,1,13,0,0,0,0,0,0,0,0,0,0,0,0,1,0,0,2014,1,28
547,4,4214,493,1,0,0,570,11,8,1,13,0,0,0,0,0,0,0,0,0,0,0,0,1,0,0,2014,1,29
546,5,4608,550,1,0,0,570,11,8,1,13,0,0,0,0,0,0,0,0,0,0,0,0,1,0,0,2014,1,30
545,6,2929,353,1,0,0,570,11,8,1,13,0,0,0,0,0,0,0,0,0,0,0,0,1,0,0,2014,2,0
544,7,0,0,0,0,0,570,11,8,1,13,0,0,0,0,0,0,0,0,0,0,0,0,1,0,0,2014,2,1
543,1,7372,791,1,1,0,570,11,8,1,13,0,0,0,0,0,0,0,0,0,0,0,0,1,0,0,2014,2,2
542,2,7036,671,1,1,0,570,11,8,1,13,0,0,0,0,0,0,0,0,0,0,0,0,1,0,0,2014,2,3
541,3,7198,820,1,1,0,570,11,8,1,13,0,0,0,0,0,0,0,0,0,0,0,0,1,0,0,2014,2,4
540,4,6012,670,1,1,0,570,11,8,1,13,0,0,0,0,0,0,0,0,0,0,0,0,1,0,0,2014,2,5
539,5,4848,565,1,1,0,570,11,8,1,13,0,0,0,0,0,0,0,0,0,0,0,0,1,0,0,2014,2,6
538,6,2484,331,1,0,0,570,11,8,1,13,0,0,0,0,0,0,0,0,0,0,0,0,1,0,0,2014,2,7
537,7,0,0,0,0,0,570,11,8,1,13,0,0,0,0,0,0,0,0,0,0,0,0,1,0,0,2014,2,8
536,1,4006,532,1,0,0,570,11,8,1,13,0,0,0,0,0,0,0,0,0,0,0,0,1,0,0,2014,2,9
535,2,4056,532,1,0,0,570,11,8,1,13,0,0,0,0,0,0,0,0,0,0,0,0,1,0,0,2014,2,10
534,3,4848,654,1,0,0,570,11,8,1,13,0,0,0,0,0,0,0,0,0,0,0,0,1,0,0,2014,2,11
533,4,4171,498,1,0,0,570,11,8,1,13,0,0,0,0,0,0,0,0,0,0,0,0,1,0,0,2014,2,12
532,5,4324,527,1,0,0,570,11,8,1,13,0,0,0,0,0,0,0,0,0,0,0,0,1,0,0,2014,2,13
531,6,2509,300,1,0,0,570,11,8,1,13,0,0,0,0,0,0,0,0,0,0,0,0,1,0,0,2014,2,14
530,7,0,0,0,0,0,570,11,8,1,13,0,0,0,0,0,0,0,0,0,0,0,0,1,0,0,2014,2,15
529,1,7584,761,1,1,1,570,11,8,1,13,0,0,0,0,0,0,0,0,0,0,0,0,1,0,0,2014,2,16
528,2,5979,644,1,1,1,570,11,8,1,13,0,0,0,0,0,0,0,0,0,0,0,0,1,0,0,2014,2,17
527,3,6419,774,1,1,1,570,11,8,1,13,0,0,0,0,0,0,0,0,0,0,0,0,1,0,0,2014,2,18
526,4,4961,584,1,1,1,570,11,8,1,13,0,0,0,0,0,0,0,0,0,0,0,0,1,0,0,2014,2,19
525,5,4790,527,1,1,1,570,11,8,1,13,0,0,0,0,0,0,0,0,0,0,0,0,1,0,0,2014,2,20
524,6,2563,316,1,0,0,570,11,8,1,13,0,0,0,0,0,0,0,0,0,0,0,0,1,0,0,2014,2,21
523,7,0,0,0,0,0,570,11,8,1,13,0,0,0,0,0,0,0,0,0,0,0,0,1,0,0,2014,2,22
522,1,3894,499,1,0,0,570,11,8,1,13,0,0,0,0,0,0,0,0,0,0,0,0,1,0,0,2014,2,23
521,2,3520,489,1,0,0,570,11,8,1,13,0,0,0,0,0,0,0,0,0,0,0,0,1,0,0,2014,2,24
520,3,4548,632,1,0,0,570,11,8,1,13,0,0,0,0,0,0,0,0,0,0,0,0,1,0,0,2014,2,25
519,4,3998,493,1,0,0,570,11,8,1,13,0,0,0,0,0,0,0,0,0,0,0,0,1,0,0,2014,2,26
518,5,4400,555,1,0,0,570,11,8,1,13,0,0,0,0,0,0,0,0,0,0,0,0,1,0,0,2014,2,27
517,6,3350,373,1,0,0,570,11,8,1,13,0,0,0,0,0,0,0,0,0,0,0,0,1,0,0,2014,3,0
516,7,0,0,0,0,0,570,11,8,1,13,0,0,0,0,0,0,0,0,0,0,0,0,1,0,0,2014,3,1
515,1,7332,760,1,1,0,570,11,8,1,13,0,0,0,0,0,0,0,0,0,0,0,0,1,0,0,2014,3,2
514,2,6006,630,1,1,0,570,11,8,1,13,0,0,0,0,0,0,0,0,0,0,0,0,1,0,0,2014,3,3
513,3,6740,802,1,1,0,570,11,8,1,13,0,0,0,0,0,0,0,0,0,0,0,0,1,0,0,2014,3,4
512,4,5173,611,1,1,0,570,11,8,1,13,0,0,0,0,0,0,0,0,0,0,0,0,1,0,0,2014,3,5
511,5,5275,593,1,1,0,570,11,8,1,13,0,0,0,0,0,0,0,0,0,0,0,0,1,0,0,2014,3,6
510,6,2863,353,1,0,0,570,11,8,1,13,0,0,0,0,0,0,0,0,0,0,0,0,1,0,0,2014,3,7
509,7,0,0,0,0,0,570,11,8,1,13,0,0,0,0,0,0,0,0,0,0,0,0,1,0,0,2014,3,8
508,1,3799,516,1,0,0,570,11,8,1,13,0,0,0,0,0,0,0,0,0,0,0,0,1,0,0,2014,3,9
507,2,3575,501,1,0,0,570,11,8,1,13,0,0,0,0,0,0,0,0,0,0,0,0,1,0,0,2014,3,10
506,3,4581,658,1,0,0,570,11,8,1,13,0,0,0,0,0,0,0,0,0,0,0,0,1,0,0,2014,3,11
505,4,4172,551,1,0,0,570,11,8,1,13,0,0,0,0,0,0,0,0,0,0,0,0,1,0,0,2014,3,12
504,5,3321,430,1,0,0,570,11,8,1,13,0,0,0,0,0,0,0,0,0,0,0,0,1,0,0,2014,3,13
503,6,2678,333,1,0,0,570,11,8,1,13,0,0,0,0,0,0,0,0,0,0,0,0,1,0,0,2014,3,14
502,7,0,0,0,0,0,570,11,8,1,13,0,0,0,0,0,0,0,0,0,0,0,0,1,0,0,2014,3,15
501,1,7054,743,1,1,0,570,11,8,1,13,0,0,0,0,0,0,0,0,0,0,0,0,1,0,0,2014,3,16
500,2,5805,644,1,1,0,570,11,8,1,13,0,0,0,0,0,0,0,0,0,0,0,0,1,0,0,2014,3,17
499,3,6275,747,1,1,0,570,11,8,1,13,1,0,0,0,0,0,0,0,0,0,0,0,1,0,0,2014,3,18
498,4,4950,574,1,1,0,570,11,8,1,13,1,0,0,0,0,0,0,0,0,0,0,0,1,0,0,2014,3,19
497,5,4993,551,1,1,0,570,11,8,1,13,1,0,0,0,0,0,0,0,0,0,0,0,1,0,0,2014,3,20
496,6,2569,314,1,0,0,570,11,8,1,13,1,0,0,0,0,0,0,0,0,0,0,0,1,0,0,2014,3,21
495,7,0,0,0,0,0,570,11,8,1,13,1,0,0,0,0,0,0,0,0,0,0,0,1,0,0,2014,3,22
494,1,3893,523,1,0,0,570,11,8,1,13,1,0,0,0,0,0,0,0,0,0,0,0,1,0,0,2014,3,23
493,2,4086,503,1,0,0,570,11,8,1,13,1,0,0,0,0,0,0,0,0,0,0,0,1,0,0,2014,3,24
492,3,5059,682,1,0,0,570,11,8,1,13,1,0,0,0,0,0,0,0,0,0,0,0,1,0,0,2014,3,25
491,4,4350,523,1,0,0,570,11,8,1,13,1,0,0,0,0,0,0,0,0,0,0,0,1,0,0,2014,3,26
490,5,4409,489,1,0,0,570,11,8,1,13,1,0,0,0,0,0,0,0,0,0,0,0,1,0,0,2014,3,27
489,6,2815,328,1,0,0,570,11,8,1,13,1,0,0,0,0,0,0,0,0,0,0,0,1,0,0,2014,3,28
488,7,0,0,0,0,0,570,11,8,1,13,1,0,0,0,0,0,0,0,0,0,0,0,1,0,0,2014,3,29
487,1,9908,963,1,1,0,570,11,8,1,13,1,0,0,0,0,0,0,0,0,0,0,0,1,0,0,2014,3,30
486,2,4862,587,1,1,0,570,11,8,1,13,1,0,0,0,0,0,0,0,0,0,0,0,1,0,0,2014,4,0
485,3,7013,825,1,1,0,570,11,8,1,13,1,0,0,0,0,0,0,0,0,0,0,0,1,0,0,2014,4,1
484,4,5078,581,1,1,0,570,11,8,1,13,1,0,0,0,0,0,0,0,0,0,0,0,1,0,0,2014,4,2
483,5,5016,566,1,1,0,570,11,8,1,13,1,0,0,0,0,0,0,0,0,0,0,0,1,0,0,2014,4,3
482,6,2655,330,1,0,0,570,11,8,1,13,1,0,0,0,0,0,0,0,0,0,0,0,1,0,0,2014,4,4
481,7,0,0,0,0,0,570,11,8,1,13,1,0,0,0,0,0,0,0,0,0,0,0,1,0,0,2014,4,5
480,1,3941,528,1,0,0,570,11,8,1,13,1,0,0,0,0,0,0,0,0,0,0,0,1,0,0,2014,4,6
479,2,4475,519,1,0,0,570,11,8,1,13,1,0,0,0,0,0,0,0,0,0,0,0,1,0,0,2014,4,7
478,3,5142,706,1,0,0,570,11,8,1,13,1,0,0,0,0,0,0,0,0,0,0,0,1,0,0,2014,4,8
477,4,3691,471,1,0,0,570,11,8,1,13,1,0,0,0,0,0,0,0,0,0,0,0,1,0,0,2014,4,9
476,5,4701,516,1,0,0,570,11,8,1,13,1,0,0,0,0,0,0,0,0,0,0,0,1,0,0,2014,4,10
475,6,2574,328,1,0,0,570,11,8,1,13,1,0,0,0,0,0,0,0,0,0,0,0,1,0,0,2014,4,11
474,7,0,0,0,0,0,570,11,8,1,13,1,0,0,0,0,0,0,0,0,0,0,0,1,0,0,2014,4,12
473,1,7714,758,1,1,0,570,11,8,1,13,1,0,0,0,0,0,0,0,0,0,0,0,1,0,0,2014,4,13
472,2,7701,747,1,1,0,570,11,8,1,13,1,0,0,0,0,0,0,0,0,0,0,0,1,0,0,2014,4,14
471,3,7317,876,1,1,0,570,11,8,1,13,1,0,0,0,0,0,0,0,0,0,0,0,1,0,0,2014,4,15
470,4,6647,737,1,1,0,570,11,8,1,13,1,0,0,0,0,0,0,0,0,0,0,0,1,0,0,2014,4,16
469,5,0,0,0,1,0,570,11,8,1,13,0,0,1,0,0,0,0,0,0,0,0,0,1,0,0,2014,4,17
468,6,4146,465,1,0,0,570,11,8,1,13,1,0,0,0,0,0,0,0,0,0,0,0,1,0,0,2014,4,18
467,7,0,0,0,0,0,570,11,8,1,13,1,0,0,0,0,0,0,0,0,0,0,0,1,0,0,2014,4,19
466,1,0,0,0,0,1,570,11,8,1,13,0,0,1,0,0,0,0,0,0,0,0,0,1,0,0,2014,4,20
465,2,4419,573,1,0,1,570,11,8,1,13,1,0,0,0,0,0,0,0,0,0,0,0,1,0,0,2014,4,21
464,3,4757,655,1,0,1,570,11,8,1,13,1,0,0,0,0,0,0,0,0,0,0,0,1,0,0,2014,4,22
463,4,3675,515,1,0,1,570,11,8,1,13,1,0,0,0,0,0,0,0,0,0,0,0,1,0,0,2014,4,23
462,5,3795,489,1,0,1,570,11,8,1,13,1,0,0,0,0,0,0,0,0,0,0,0,1,0,0,2014,4,24
461,6,2701,335,1,0,0,570,11,8,1,13,1,0,0,0,0,0,0,0,0,0,0,0,1,0,0,2014,4,25
460,7,0,0,0,0,0,570,11,8,1,13,1,0,0,0,0,0,0,0,0,0,0,0,1,0,0,2014,4,26
459,1,6520,667,1,1,1,570,11,8,1,13,1,0,0,0,0,0,0,0,0,0,0,0,1,0,0,2014,4,27
458,2,6667,707,1,1,1,570,11,8,1,13,1,0,0,0,0,0,0,0,0,0,0,0,1,0,0,2014,4,28
457,3,7646,943,1,1,1,570,11,8,1,13,1,0,0,0,0,0,0,0,0,0,0,0,1,0,0,2014,4,29
456,4,0,0,0,1,1,570,11,8,1,13,0,1,0,0,0,0,0,0,0,0,0,0,1,0,0,2014,5,0
455,5,7176,743,1,1,1,570,11,8,1,13,1,0,0,0,0,0,0,0,0,0,0,0,1,0,0,2014,5,1
454,6,2968,369,1,0,0,570,11,8,1,13,1,0,0,0,0,0,0,0,0,0,0,0,1,0,0,2014,5,2
453,7,0,0,0,0,0,570,11,8,1,13,1,0,0,0,0,0,0,0,0,0,0,0,1,0,0,2014,5,3
452,1,7242,751,1,1,0,570,11,8,1,13,1,0,0,0,0,0,0,0,0,0,0,0,1,0,0,2014,5,4
451,2,5992,628,1,1,0,570,11,8,1,13,1,0,0,0,0,0,0,0,0,0,0,0,1,0,0,2014,5,5
450,3,6733,780,1,1,0,570,11,8,1,13,1,0,0,0,0,0,0,0,0,0,0,0,1,0,0,2014,5,6
449,4,5151,626,1,1,0,570,11,8,1,13,1,0,0,0,0,0,0,0,0,0,0,0,1,0,0,2014,5,7
448,5,5979,743,1,1,0,570,11,8,1,13,1,0,0,0,0,0,0,0,0,0,0,0,1,0,0,2014,5,8
447,6,2430,316,1,0,0,570,11,8,1,13,1,0,0,0,0,0,0,0,0,0,0,0,1,0,0,2014,5,9
446,7,0,0,0,0,0,570,11,8,1,13,1,0,0,0,0,0,0,0,0,0,0,0,1,0,0,2014,5,10
445,1,3860,546,1,0,0,570,11,8,1,13,1,0,0,0,0,0,0,0,0,0,0,0,1,0,0,2014,5,11
444,2,3974,530,1,0,0,570,11,8,1,13,1,0,0,0,0,0,0,0,0,0,0,0,1,0,0,2014,5,12
443,3,4700,664,1,0,0,570,11,8,1,13,1,0,0,0,0,0,0,0,0,0,0,0,1,0,0,2014,5,13
442,4,4108,518,1,0,0,570,11,8,1,13,1,0,0,0,0,0,0,0,0,0,0,0,1,0,0,2014,5,14
441,5,3779,528,1,0,0,570,11,8,1,13,1,0,0,0,0,0,0,0,0,0,0,0,1,0,0,2014,5,15
440,6,2532,352,1,0,0,570,11,8,1,13,1,0,0,0,0,0,0,0,0,0,0,0,1,0,0,2014,5,16
439,7,0,0,0,0,0,570,11,8,1,13,1,0,0,0,0,0,0,0,0,0,0,0,1,0,0,2014,5,17
438,1,6996,734,1,1,0,570,11,8,1,13,1,0,0,0,0,0,0,0,0,0,0,0,1,0,0,2014,5,18
437,2,5155,629,1,1,0,570,11,8,1,13,1,0,0,0,0,0,0,0,0,0,0,0,1,0,0,2014,5,19
436,3,5584,753,1,1,0,570,11,8,1,13,1,0,0,0,0,0,0,0,0,0,0,0,1,0,0,2014,5,20
435,4,4887,582,1,1,0,570,11,8,1,13,1,0,0,0,0,0,0,0,0,0,0,0,1,0,0,2014,5,21
434,5,4802,555,1,1,0,570,11,8,1,13,1,0,0,0,0,0,0,0,0,0,0,0,1,0,0,2014,5,22
433,6,2516,334,1,0,0,570,11,8,1,13,1,0,0,0,0,0,0,0,0,0,0,0,1,0,0,2014,5,23
432,7,0,0,0,0,0,570,11,8,1,13,1,0,0,0,0,0,0,0,0,0,0,0,1,0,0,2014,5,24
431,1,4173,547,1,0,0,570,11,8,1,13,1,0,0,0,0,0,0,0,0,0,0,0,1,0,0,2014,5,25
430,2,4042,513,1,0,0,570,11,8,1,13,1,0,0,0,0,0,0,0,0,0,0,0,1,0,0,2014,5,26
429,3,5203,652,1,0,0,570,11,8,1,13,1,0,0,0,0,0,0,0,0,0,0,0,1,0,0,2014,5,27
428,4,0,0,0,0,0,570,11,8,1,13,0,1,0,0,0,0,0,0,0,0,0,0,1,0,0,2014,5,28
427,5,5694,743,1,0,1,570,11,8,1,13,1,0,0,0,0,0,0,0,0,0,0,0,1,0,0,2014,5,29
426,6,2953,485,1,0,0,570,11,8,1,13,1,0,0,0,0,0,0,0,0,0,0,0,1,0,0,2014,5,30
425,7,0,0,0,0,0,570,11,8,1,13,1,0,0,0,0,0,0,0,0,0,0,0,1,0,0,2014,6,0
424,1,7320,775,1,1,0,570,11,8,1,13,1,0,0,0,0,0,0,0,0,0,0,0,1,0,0,2014,6,1
423,2,5619,641,1,1,0,570,11,8,1,13,1,0,0,0,0,0,0,0,0,0,0,0,1,0,0,2014,6,2
422,3,7006,877,1,1,0,570,11,8,1,13,1,0,0,0,0,0,0,0,0,0,0,0,1,0,0,2014,6,3
421,4,5957,657,1,1,0,570,11,8,1,13,1,0,0,0,0,0,0,0,0,0,0,0,1,0,0,2014,6,4
420,5,5064,602,1,1,0,570,11,8,1,13,1,0,0,0,0,0,0,0,0,0,0,0,1,0,0,2014,6,5
419,6,2893,384,1,0,0,570,11,8,1,13,1,0,0,0,0,0,0,0,0,0,0,0,1,0,0,2014,6,6
418,7,0,0,0,0,0,570,11,8,1,13,1,0,0,0,0,0,0,0,0,0,0,0,1,0,0,2014,6,7
417,1,0,0,0,0,0,570,11,8,1,13,0,1,0,0,0,0,0,0,0,0,0,0,1,0,0,2014,6,8
416,2,4403,526,1,0,0,570,11,8,1,13,1,0,0,0,0,0,0,0,0,0,0,0,1,0,0,2014,6,9
415,3,4976,670,1,0,0,570,11,8,1,13,1,0,0,0,0,0,0,0,0,0,0,0,1,0,0,2014,6,10
414,4,5187,632,1,0,0,570,11,8,1,13,1,0,0,0,0,0,0,0,0,0,0,0,1,0,0,2014,6,11
413,5,4568,544,1,0,0,570,11,8,1,13,1,0,0,0,0,0,0,0,0,0,0,0,1,0,0,2014,6,12
412,6,2897,337,1,0,0,570,11,8,1,13,1,0,0,0,0,0,0,0,0,0,0,0,1,0,0,2014,6,13
411,7,0,0,0,0,0,570,11,8,1,13,1,0,0,0,0,0,0,0,0,0,0,0,1,0,0,2014,6,14
410,1,7394,748,1,1,0,570,11,8,1,13,1,0,0,0,0,0,0,0,0,0,0,0,1,0,0,2014,6,15
409,2,5830,625,1,1,0,570,11,8,1,13,1,0,0,0,0,0,0,0,0,0,0,0,1,0,0,2014,6,16
408,3,6300,775,1,1,0,570,11,8,1,13,1,0,0,0,0,0,0,0,0,0,0,0,1,0,0,2014,6,17
407,4,5451,617,1,1,0,570,11,8,1,13,1,0,0,0,0,0,0,0,0,0,0,0,1,0,0,2014,6,18
406,5,4572,538,1,1,0,570,11,8,1,13,1,0,0,0,0,0,0,0,0,0,0,0,1,0,0,2014,6,19
405,6,2514,324,1,0,0,570,11,8,1,13,1,0,0,0,0,0,0,0,0,0,0,0,1,0,0,2014,6,20
404,7,0,0,0,0,0,570,11,8,1,13,1,0,0,0,0,0,0,0,0,0,0,0,1,0,0,2014,6,21
403,1,4066,559,1,0,0,570,11,8,1,13,1,0,0,0,0,0,0,0,0,0,0,0,1,0,0,2014,6,22
402,2,3787,496,1,0,0,570,11,8,1,13,1,0,0,0,0,0,0,0,0,0,0,0,1,0,0,2014,6,23
401,3,4767,613,1,0,0,570,11,8,1,13,1,0,0,0,0,0,0,0,0,0,0,0,1,0,0,2014,6,24
400,4,4215,542,1,0,0,570,11,8,1,13,1,0,0,0,0,0,0,0,0,0,0,0,1,0,0,2014,6,25
399,5,4646,552,1,0,0,570,11,8,1,13,1,0,0,0,0,0,0,0,0,0,0,0,1,0,0,2014,6,26
398,6,2644,340,1,0,0,570,11,8,1,13,1,0,0,0,0,0,0,0,0,0,0,0,1,0,0,2014,6,27
397,7,0,0,0,0,0,570,11,8,1,13,1,0,0,0,0,0,0,0,0,0,0,0,1,0,0,2014,6,28
396,1,10682,1021,1,1,0,570,11,8,1,13,1,0,0,0,0,0,0,0,0,0,0,0,1,0,0,2014,6,29
395,2,5454,646,1,1,0,570,11,8,1,13,1,0,0,0,0,0,0,0,0,0,0,0,1,0,0,2014,7,0
394,3,6623,821,1,1,0,570,11,8,1,13,1,0,0,0,0,0,0,0,0,0,0,0,1,0,0,2014,7,1
393,4,5824,888,1,1,0,570,11,8,1,13,1,0,0,0,0,0,0,0,0,0,0,0,1,0,0,2014,7,2
392,5,5200,1133,1,1,0,570,11,8,1,13,1,0,0,0,0,0,0,0,0,0,0,0,1,0,0,2014,7,3
391,6,4043,1013,1,0,0,570,11,8,1,13,1,0,0,0,0,0,0,0,0,0,0,0,1,0,0,2014,7,4
390,7,0,0,0,0,0,570,11,8,1,13,1,0,0,0,0,0,0,0,0,0,0,0,1,0,0,2014,7,5
389,1,3981,522,1,0,0,570,11,8,1,13,1,0,0,0,0,0,0,0,0,0,0,0,1,0,0,2014,7,6
388,2,4009,538,1,0,0,570,11,8,1,13,1,0,0,0,0,0,0,0,0,0,0,0,1,0,0,2014,7,7
387,3,4602,568,1,0,0,570,11,8,1,13,1,0,0,0,0,0,0,0,0,0,0,0,1,0,0,2014,7,8
386,4,4557,507,1,0,0,570,11,8,1,13,1,0,0,0,0,0,0,0,0,0,0,0,1,0,0,2014,7,9
385,5,3402,494,1,0,0,570,11,8,1,13,1,0,0,0,0,0,0,0,0,0,0,0,1,0,0,2014,7,10
384,6,2806,340,1,0,0,570,11,8,1,13,1,0,0,0,0,0,0,0,0,0,0,0,1,0,0,2014,7,11
383,7,0,0,0,0,0,570,11,8,1,13,1,0,0,0,0,0,0,0,0,0,0,0,1,0,0,2014,7,12
382,1,7014,714,1,1,0,570,11,8,1,13,1,0,0,0,0,0,0,0,0,0,0,0,1,0,0,2014,7,13
381,2,6361,692,1,1,0,570,11,8,1,13,1,0,0,0,0,0,0,0,0,0,0,0,1,0,0,2014,7,14
380,3,7113,869,1,1,0,570,11,8,1,13,1,0,0,0,0,0,0,0,0,0,0,0,1,0,0,2014,7,15
379,4,5315,600,1,1,0,570,11,8,1,13,0,0,0,0,0,0,0,0,0,0,0,0,1,0,0,2014,7,16
378,5,4971,550,1,1,0,570,11,8,1,13,0,0,0,0,0,0,0,0,0,0,0,0,1,0,0,2014,7,17
377,6,3009,339,1,0,0,570,11,8,1,13,0,0,0,0,0,0,0,0,0,0,0,0,1,0,0,2014,7,18
376,7,0,0,0,0,0,570,11,8,1,13,0,0,0,0,0,0,0,0,0,0,0,0,1,0,0,2014,7,19
375,1,3802,494,1,0,1,570,11,8,1,13,0,0,0,0,0,0,0,0,0,0,0,0,1,0,0,2014,7,20
374,2,4509,566,1,0,1,570,11,8,1,13,0,0,0,0,0,0,0,0,0,0,0,0,1,0,0,2014,7,21
373,3,5152,705,1,0,1,570,11,8,1,13,0,0,0,0,0,0,0,0,0,0,0,0,1,0,0,2014,7,22
372,4,3886,510,1,0,1,570,11,8,1,13,0,0,0,0,0,0,0,0,0,0,0,0,1,0,0,2014,7,23
371,5,3956,500,1,0,1,570,11,8,1,13,0,0,0,0,0,0,0,0,0,0,0,0,1,0,0,2014,7,24
370,6,2243,316,1,0,0,570,11,8,1,13,0,0,0,0,0,0,0,0,0,0,0,0,1,0,0,2014,7,25
369,7,0,0,0,0,0,570,11,8,1,13,0,0,0,0,0,0,0,0,0,0,0,0,1,0,0,2014,7,26
368,1,6494,641,1,1,1,570,11,8,1,13,0,0,0,0,0,0,0,0,0,0,0,0,1,0,0,2014,7,27
367,2,5274,561,1,1,1,570,11,8,1,13,0,0,0,0,0,0,0,0,0,0,0,0,1,0,0,2014,7,28
366,3,6308,768,1,1,1,570,11,8,1,13,0,0,0,0,0,0,0,0,0,0,0,0,1,0,0,2014,7,29
365,4,6301,703,1,1,1,570,11,8,1,13,0,0,0,0,0,0,0,0,0,0,0,0,1,0,0,2014,7,30
364,5,5434,620,1,1,1,570,11,8,1,13,0,0,0,0,0,0,0,0,0,0,0,0,1,0,0,2014,8,0
363,6,3354,451,1,0,0,570,11,8,1,13,0,0,0,0,0,0,0,0,0,0,0,0,1,0,0,2014,8,1
362,7,0,0,0,0,0,570,11,8,1,13,0,0,0,0,0,0,0,0,0,0,0,0,1,0,0,2014,8,2
361,1,6315,668,1,1,1,570,11,8,1,13,0,0,0,0,0,0,0,0,0,0,0,0,1,0,0,2014,8,3
360,2,5811,621,1,1,1,570,11,8,1,13,0,0,0,0,0,0,0,0,0,0,0,0,1,0,0,2014,8,4
359,3,6331,767,1,1,1,570,11,8,1,13,0,0,0,0,0,0,0,0,0,0,0,0,1,0,0,2014,8,5
358,4,4809,563,1,1,1,570,11,8,1,13,0,0,0,0,0,0,0,0,0,0,0,0,1,0,0,2014,8,6
357,5,4597,498,1,1,1,570,11,8,1,13,0,0,0,0,0,0,0,0,0,0,0,0,1,0,0,2014,8,7
356,6,2592,344,1,0,0,570,11,8,1,13,0,0,0,0,0,0,0,0,0,0,0,0,1,0,0,2014,8,8
355,7,0,0,0,0,0,570,11,8,1,13,0,0,0,0,0,0,0,0,0,0,0,0,1,0,0,2014,8,9
354,1,4158,554,1,0,1,570,11,8,1,13,0,0,0,0,0,0,0,0,0,0,0,0,1,0,0,2014,8,10
353,2,4319,535,1,0,1,570,11,8,1,13,0,0,0,0,0,0,0,0,0,0,0,0,1,0,0,2014,8,11
352,3,5010,670,1,0,1,570,11,8,1,13,0,0,0,0,0,0,0,0,0,0,0,0,1,0,0,2014,8,12
351,4,4606,564,1,0,1,570,11,8,1,13,0,0,0,0,0,0,0,0,0,0,0,0,1,0,0,2014,8,13
350,5,4218,498,1,0,1,570,11,8,1,13,0,0,0,0,0,0,0,0,0,0,0,0,1,0,0,2014,8,14
349,6,2847,336,1,0,0,570,11,8,1,13,0,0,0,0,0,0,0,0,0,0,0,0,1,0,0,2014,8,15
348,7,0,0,0,0,0,570,11,8,1,13,0,0,0,0,0,0,0,0,0,0,0,0,1,0,0,2014,8,16
347,1,6355,688,1,1,1,570,11,8,1,13,0,0,0,0,0,0,0,0,0,0,0,0,1,0,0,2014,8,17
346,2,6000,647,1,1,1,570,11,8,1,13,0,0,0,0,0,0,0,0,0,0,0,0,1,0,0,2014,8,18
345,3,7056,850,1,1,1,570,11,8,1,13,0,0,0,0,0,0,0,0,0,0,0,0,1,0,0,2014,8,19
344,4,5626,615,1,1,1,570,11,8,1,13,0,0,0,0,0,0,0,0,0,0,0,0,1,0,0,2014,8,20
343,5,5064,586,1,1,1,570,11,8,1,13,0,0,0,0,0,0,0,0,0,0,0,0,1,0,0,2014,8,21
342,6,2738,341,1,0,0,570,11,8,1,13,0,0,0,0,0,0,0,0,0,0,0,0,1,0,0,2014,8,22
341,7,0,0,0,0,0,570,11,8,1,13,0,0,0,0,0,0,0,0,0,0,0,0,1,0,0,2014,8,23
340,1,3927,538,1,0,1,570,11,8,1,13,0,0,0,0,0,0,0,0,0,0,0,0,1,0,0,2014,8,24
339,2,3647,462,1,0,1,570,11,8,1,13,0,0,0,0,0,0,0,0,0,0,0,0,1,0,0,2014,8,25
338,3,5127,699,1,0,1,570,11,8,1,13,0,0,0,0,0,0,0,0,0,0,0,0,1,0,0,2014,8,26
337,4,3717,524,1,0,1,570,11,8,1,13,0,0,0,0,0,0,0,0,0,0,0,0,1,0,0,2014,8,27
336,5,4318,537,1,0,1,570,11,8,1,13,0,0,0,0,0,0,0,0,0,0,0,0,1,0,0,2014,8,28
335,6,2976,376,1,0,0,570,11,8,1,13,0,0,0,0,0,0,0,0,0,0,0,0,1,0,0,2014,8,29
334,7,0,0,0,0,0,570,11,8,1,13,0,0,0,0,0,0,0,0,0,0,0,0,1,0,0,2014,8,30
333,1,8173,805,1,1,0,570,11,8,1,13,0,0,0,0,0,0,0,0,0,0,0,0,1,0,0,2014,9,0
332,2,6422,645,1,1,0,570,11,8,1,13,0,0,0,0,0,0,0,0,0,0,0,0,1,0,0,2014,9,1
331,3,6615,754,1,1,0,570,11,8,1,13,0,0,0,0,0,0,0,0,0,0,0,0,1,0,0,2014,9,2
330,4,5401,635,1,1,0,570,11,8,1,13,0,0,0,0,0,0,0,0,0,0,0,0,1,0,0,2014,9,3
329,5,4823,578,1,1,0,570,11,8,1,13,0,0,0,0,0,0,0,0,0,0,0,0,1,0,0,2014,9,4
328,6,2551,329,1,0,0,570,11,8,1,13,0,0,0,0,0,0,0,0,0,0,0,0,1,0,0,2014,9,5
327,7,0,0,0,0,0,570,11,8,1,13,0,0,0,0,0,0,0,0,0,0,0,0,1,0,0,2014,9,6
326,1,4189,564,1,0,0,570,11,8,1,13,0,0,0,0,0,0,0,0,0,0,0,0,1,0,0,2014,9,7
325,2,4963,589,1,0,0,570,11,8,1,13,0,0,0,0,0,0,0,0,0,0,0,0,1,0,0,2014,9,8
324,3,4865,646,1,0,0,570,11,8,1,13,0,0,0,0,0,0,0,0,0,0,0,0,1,0,0,2014,9,9
323,4,4123,477,1,0,0,570,11,8,1,13,0,0,0,0,0,0,0,0,0,0,0,0,1,0,0,2014,9,10
322,5,3323,435,1,0,0,570,11,8,1,13,0,0,0,0,0,0,0,0,0,0,0,0,1,0,0,2014,9,11
321,6,2593,318,1,0,0,570,11,8,1,13,0,0,0,0,0,0,0,0,0,0,0,0,1,0,0,2014,9,12
320,7,0,0,0,0,0,570,11,8,1,13,0,0,0,0,0,0,0,0,0,0,0,0,1,0,0,2014,9,13
319,1,6997,735,1,1,0,570,11,8,1,13,0,0,0,0,0,0,0,0,0,0,0,0,1,0,0,2014,9,14
318,2,6207,663,1,1,0,570,11,8,1,13,0,0,0,0,0,0,0,0,0,0,0,0,1,0,0,2014,9,15
317,3,6469,762,1,1,0,570,11,8,1,13,0,0,0,0,0,0,0,0,0,0,0,0,1,0,0,2014,9,16
316,4,4994,556,1,1,0,570,11,8,1,13,0,0,0,0,0,0,0,0,0,0,0,0,1,0,0,2014,9,17
315,5,4491,547,1,1,0,570,11,8,1,13,0,0,0,0,0,0,0,0,0,0,0,0,1,0,0,2014,9,18
314,6,2473,306,1,0,0,570,11,8,1,13,0,0,0,0,0,0,0,0,0,0,0,0,1,0,0,2014,9,19
313,7,0,0,0,0,0,570,11,8,1,13,0,0,0,0,0,0,0,0,0,0,0,0,1,0,0,2014,9,20
312,1,4004,501,1,0,0,570,11,8,1,13,0,0,0,0,0,0,0,0,0,0,0,0,1,0,0,2014,9,21
311,2,3874,510,1,0,0,570,11,8,1,13,0,0,0,0,0,0,0,0,0,0,0,0,1,0,0,2014,9,22
310,3,5084,694,1,0,0,570,11,8,1,13,0,0,0,0,0,0,0,0,0,0,0,0,1,0,0,2014,9,23
309,4,3911,504,1,0,0,570,11,8,1,13,1,0,0,0,0,0,0,0,0,0,0,0,1,0,0,2014,9,24
308,5,3583,443,1,0,0,570,11,8,1,13,1,0,0,0,0,0,0,0,0,0,0,0,1,0,0,2014,9,25
307,6,2725,354,1,0,0,570,11,8,1,13,1,0,0,0,0,0,0,0,0,0,0,0,1,0,0,2014,9,26
306,7,0,0,0,0,0,570,11,8,1,13,1,0,0,0,0,0,0,0,0,0,0,0,1,0,0,2014,9,27
305,1,7514,750,1,1,0,570,11,8,1,13,1,0,0,0,0,0,0,0,0,0,0,0,1,0,0,2014,9,28
304,2,8461,839,1,1,0,570,11,8,1,13,1,0,0,0,0,0,0,0,0,0,0,0,1,0,0,2014,9,29
303,3,5565,695,1,1,0,570,11,8,1,13,1,0,0,0,0,0,0,0,0,0,0,0,1,0,0,2014,10,0
302,4,4845,630,1,1,0,570,11,8,1,13,1,0,0,0,0,0,0,0,0,0,0,0,1,0,0,2014,10,1
301,5,2689,389,1,1,0,570,11,8,1,13,0,1,0,0,0,0,0,0,0,0,0,0,1,0,0,2014,10,2
300,6,2979,377,1,0,0,570,11,8,1,13,1,0,0,0,0,0,0,0,0,0,0,0,1,0,0,2014,10,3
299,7,0,0,0,0,0,570,11,8,1,13,1,0,0,0,0,0,0,0,0,0,0,0,1,0,0,2014,10,4
298,1,7562,748,1,1,1,570,11,8,1,13,1,0,0,0,0,0,0,0,0,0,0,0,1,0,0,2014,10,5
297,2,5808,646,1,1,1,570,11,8,1,13,1,0,0,0,0,0,0,0,0,0,0,0,1,0,0,2014,10,6
296,3,6252,736,1,1,1,570,11,8,1,13,1,0,0,0,0,0,0,0,0,0,0,0,1,0,0,2014,10,7
295,4,5283,614,1,1,1,570,11,8,1,13,1,0,0,0,0,0,0,0,0,0,0,0,1,0,0,2014,10,8
294,5,4907,529,1,1,1,570,11,8,1,13,1,0,0,0,0,0,0,0,0,0,0,0,1,0,0,2014,10,9
293,6,2497,322,1,0,0,570,11,8,1,13,1,0,0,0,0,0,0,0,0,0,0,0,1,0,0,2014,10,10
292,7,0,0,0,0,0,570,11,8,1,13,1,0,0,0,0,0,0,0,0,0,0,0,1,0,0,2014,10,11
291,1,4377,569,1,0,1,570,11,8,1,13,1,0,0,0,0,0,0,0,0,0,0,0,1,0,0,2014,10,12
290,2,3982,516,1,0,1,570,11,8,1,13,1,0,0,0,0,0,0,0,0,0,0,0,1,0,0,2014,10,13
289,3,4732,670,1,0,1,570,11,8,1,13,1,0,0,0,0,0,0,0,0,0,0,0,1,0,0,2014,10,14
288,4,4288,522,1,0,1,570,11,8,1,13,1,0,0,0,0,0,0,0,0,0,0,0,1,0,0,2014,10,15
287,5,3852,501,1,0,1,570,11,8,1,13,1,0,0,0,0,0,0,0,0,0,0,0,1,0,0,2014,10,16
286,6,2613,330,1,0,0,570,11,8,1,13,1,0,0,0,0,0,0,0,0,0,0,0,1,0,0,2014,10,17
285,7,0,0,0,0,0,570,11,8,1,13,1,0,0,0,0,0,0,0,0,0,0,0,1,0,0,2014,10,18
284,1,6631,684,1,1,0,570,11,8,1,13,1,0,0,0,0,0,0,0,0,0,0,0,1,0,0,2014,10,19
283,2,5382,593,1,1,0,570,11,8,1,13,1,0,0,0,0,0,0,0,0,0,0,0,1,0,0,2014,10,20
282,3,5261,600,1,1,0,570,11,8,1,13,1,0,0,0,0,0,0,0,0,0,0,0,1,0,0,2014,10,21
281,4,5729,628,1,1,0,570,11,8,1,13,1,0,0,0,0,0,0,0,0,0,0,0,1,0,0,2014,10,22
280,5,5096,578,1,1,0,570,11,8,1,13,1,0,0,0,0,0,0,0,0,0,0,0,1,0,0,2014,10,23
279,6,2542,331,1,0,0,570,11,8,1,13,1,0,0,0,0,0,0,0,0,0,0,0,1,0,0,2014,10,24
278,7,0,0,0,0,0,570,11,8,1,13,1,0,0,0,0,0,0,0,0,0,0,0,1,0,0,2014,10,25
277,1,4296,573,1,0,0,570,11,8,1,13,1,0,0,0,0,0,0,0,0,0,0,0,1,0,0,2014,10,26
276,2,3849,523,1,0,0,570,11,8,1,13,1,0,0,0,0,0,0,0,0,0,0,0,1,0,0,2014,10,27
275,3,4986,668,1,0,0,570,11,8,1,13,1,0,0,0,0,0,0,0,0,0,0,0,1,0,0,2014,10,28
274,4,5394,653,1,0,0,570,11,8,1,13,1,0,0,0,0,0,0,0,0,0,0,0,1,0,0,2014,10,29
273,5,0,0,0,0,0,570,11,8,1,13,0,1,0,0,0,0,0,0,0,0,0,0,1,0,0,2014,10,30
272,6,3305,448,1,0,0,570,11,8,1,13,1,0,0,0,0,0,0,0,0,0,0,0,1,0,0,2014,11,0
271,7,0,0,0,0,0,570,11,8,1,13,1,0,0,0,0,0,0,0,0,0,0,0,1,0,0,2014,11,1
270,1,7549,783,1,1,0,570,11,8,1,13,1,0,0,0,0,0,0,0,0,0,0,0,1,0,0,2014,11,2
269,2,7015,724,1,1,0,570,11,8,1,13,1,0,0,0,0,0,0,0,0,0,0,0,1,0,0,2014,11,3
268,3,7142,797,1,1,0,570,11,8,1,13,1,0,0,0,0,0,0,0,0,0,0,0,1,0,0,2014,11,4
267,4,6307,630,1,1,0,570,11,8,1,13,1,0,0,0,0,0,0,0,0,0,0,0,1,0,0,2014,11,5
266,5,5445,590,1,1,0,570,11,8,1,13,1,0,0,0,0,0,0,0,0,0,0,0,1,0,0,2014,11,6
265,6,3311,368,1,0,0,570,11,8,1,13,1,0,0,0,0,0,0,0,0,0,0,0,1,0,0,2014,11,7
264,7,0,0,0,0,0,570,11,8,1,13,1,0,0,0,0,0,0,0,0,0,0,0,1,0,0,2014,11,8
263,1,6423,690,1,1,0,570,11,8,1,13,1,0,0,0,0,0,0,0,0,0,0,0,1,0,0,2014,11,9
262,2,5651,601,1,1,0,570,11,8,1,13,1,0,0,0,0,0,0,0,0,0,0,0,1,0,0,2014,11,10
261,3,6818,776,1,1,0,570,11,8,1,13,1,0,0,0,0,0,0,0,0,0,0,0,1,0,0,2014,11,11
260,4,5009,624,1,1,0,570,11,8,1,13,1,0,0,0,0,0,0,0,0,0,0,0,1,0,0,2014,11,12
259,5,4655,560,1,1,0,570,11,8,1,13,1,0,0,0,0,0,0,0,0,0,0,0,1,0,0,2014,11,13
258,6,2979,373,1,0,0,570,11,8,1,13,1,0,0,0,0,0,0,0,0,0,0,0,1,0,0,2014,11,14
257,7,0,0,0,0,0,570,11,8,1,13,1,0,0,0,0,0,0,0,0,0,0,0,1,0,0,2014,11,15
256,1,4157,552,1,0,0,570,11,8,1,13,1,0,0,0,0,0,0,0,0,0,0,0,1,0,0,2014,11,16
255,2,3468,411,1,0,0,570,11,8,1,13,1,0,0,0,0,0,0,0,0,0,0,0,1,0,0,2014,11,17
254,3,5091,674,1,0,0,570,11,8,1,13,1,0,0,0,0,0,0,0,0,0,0,0,1,0,0,2014,11,18
253,4,4527,535,1,0,0,570,11,8,1,13,1,0,0,0,0,0,0,0,0,0,0,0,1,0,0,2014,11,19
252,5,3978,472,1,0,0,570,11,8,1,13,1,0,0,0,0,0,0,0,0,0,0,0,1,0,0,2014,11,20
251,6,3085,367,1,0,0,570,11,8,1,13,1,0,0,0,0,0,0,0,0,0,0,0,1,0,0,2014,11,21
250,7,0,0,0,0,0,570,11,8,1,13,1,0,0,0,0,0,0,0,0,0,0,0,1,0,0,2014,11,22
249,1,7038,696,1,1,0,570,11,8,1,13,1,0,0,0,0,0,0,0,0,0,0,0,1,0,0,2014,11,23
248,2,6511,632,1,1,0,570,11,8,1,13,1,0,0,0,0,0,0,0,0,0,0,0,1,0,0,2014,11,24
247,3,7588,828,1,1,0,570,11,8,1,13,1,0,0,0,0,0,0,0,0,0,0,0,1,0,0,2014,11,25
246,4,6119,644,1,1,0,570,11,8,1,13,1,0,0,0,0,0,0,0,0,0,0,0,1,0,0,2014,11,26
245,5,6062,608,1,1,0,570,11,8,1,13,1,0,0,0,0,0,0,0,0,0,0,0,1,0,0,2014,11,27
244,6,3424,372,1,0,0,570,11,8,1,13,1,0,0,0,0,0,0,0,0,0,0,0,1,0,0,2014,11,28
243,7,0,0,0,0,0,570,11,8,1,13,1,0,0,0,0,0,0,0,0,0,0,0,1,0,0,2014,11,29
242,1,8674,783,1,1,0,570,11,8,1,13,1,0,0,0,0,0,0,0,0,0,0,0,1,0,0,2014,12,0
241,2,7664,751,1,1,0,570,11,8,1,13,1,0,0,0,0,0,0,0,0,0,0,0,1,0,0,2014,12,1
240,3,7533,769,1,1,0,570,11,8,1,13,1,0,0,0,0,0,0,0,0,0,0,0,1,0,0,2014,12,2
239,4,6661,670,1,1,0,570,11,8,1,13,1,0,0,0,0,0,0,0,0,0,0,0,1,0,0,2014,12,3
238,5,6385,676,1,1,0,570,11,8,1,13,1,0,0,0,0,0,0,0,0,0,0,0,1,0,0,2014,12,4
237,6,2914,386,1,0,0,570,11,8,1,13,1,0,0,0,0,0,0,0,0,0,0,0,1,0,0,2014,12,5
236,7,0,0,0,0,0,570,11,8,1,13,1,0,0,0,0,0,0,0,0,0,0,0,1,0,0,2014,12,6
235,1,4821,616,1,0,0,570,11,8,1,13,1,0,0,0,0,0,0,0,0,0,0,0,1,0,0,2014,12,7
234,2,5264,596,1,0,0,570,11,8,1,13,1,0,0,0,0,0,0,0,0,0,0,0,1,0,0,2014,12,8
233,3,5830,717,1,0,0,570,11,8,1,13,1,0,0,0,0,0,0,0,0,0,0,0,1,0,0,2014,12,9
232,4,4629,539,1,0,0,570,11,8,1,13,1,0,0,0,0,0,0,0,0,0,0,0,1,0,0,2014,12,10
231,5,4407,497,1,0,0,570,11,8,1,13,1,0,0,0,0,0,0,0,0,0,0,0,1,0,0,2014,12,11
230,6,3375,350,1,0,0,570,11,8,1,13,1,0,0,0,0,0,0,0,0,0,0,0,1,0,0,2014,12,12
229,7,0,0,0,0,0,570,11,8,1,13,1,0,0,0,0,0,0,0,0,0,0,0,1,0,0,2014,12,13
228,1,10419,909,1,1,0,570,11,8,1,13,1,0,0,0,0,0,0,0,0,0,0,0,1,0,0,2014,12,14
227,2,9499,866,1,1,0,570,11,8,1,13,1,0,0,0,0,0,0,0,0,0,0,0,1,0,0,2014,12,15
226,3,9365,909,1,1,0,570,11,8,1,13,1,0,0,0,0,0,0,0,0,0,0,0,1,0,0,2014,12,16
225,4,8117,777,1,1,0,570,11,8,1,13,1,0,0,0,0,0,0,0,0,0,0,0,1,0,0,2014,12,17
224,5,7574,718,1,1,0,570,11,8,1,13,1,0,0,0,0,0,0,0,0,0,0,0,1,0,0,2014,12,18
223,6,4553,495,1,0,0,570,11,8,1,13,1,0,0,0,0,0,0,0,0,0,0,0,1,0,0,2014,12,19
222,7,0,0,0,0,0,570,11,8,1,13,1,0,0,0,0,0,0,0,0,0,0,0,1,0,0,2014,12,20
221,1,9027,924,1,0,1,570,11,8,1,13,1,0,0,0,0,0,0,0,0,0,0,0,1,0,0,2014,12,21
220,2,7557,816,1,0,1,570,11,8,1,13,1,0,0,0,0,0,0,0,0,0,0,0,1,0,0,2014,12,22
219,3,2437,274,1,0,1,570,11,8,1,13,1,0,0,0,0,0,0,0,0,0,0,0,1,0,0,2014,12,23
218,4,0,0,0,0,1,570,11,8,1,13,0,0,0,1,0,0,0,0,0,0,0,0,1,0,0,2014,12,24
217,5,0,0,0,0,1,570,11,8,1,13,0,0,0,1,0,0,0,0,0,0,0,0,1,0,0,2014,12,25
216,6,3934,457,1,0,0,570,11,8,1,13,1,0,0,0,0,0,0,0,0,0,0,0,1,0,0,2014,12,26
215,7,0,0,0,0,0,570,11,8,1,13,1,0,0,0,0,0,0,0,0,0,0,0,1,0,0,2014,12,27
214,1,5999,662,1,0,1,570,11,8,1,13,1,0,0,0,0,0,0,0,0,0,0,0,1,0,0,2014,12,28
213,2,5513,632,1,0,1,570,11,8,1,13,1,0,0,0,0,0,0,0,0,0,0,0,1,0,0,2014,12,29
212,3,2269,252,1,0,1,570,11,8,1,13,1,0,0,0,0,0,0,0,0,0,0,0,1,0,0,2014,12,30
211,4,0,0,0,0,1,570,11,8,1,13,1,0,0,0,0,0,0,0,0,0,0,0,1,0,0,2015,1,0
210,5,4137,543,1,0,1,570,11,8,1,13,1,0,0,0,0,0,0,0,0,0,0,0,1,0,0,2015,1,1
209,6,3132,350,1,0,0,570,11,8,1,13,1,0,0,0,0,0,0,0,0,0,0,0,1,0,0,2015,1,2
208,7,0,0,0,0,0,570,11,8,1,13,1,0,0,0,0,0,0,0,0,0,0,0,1,0,0,2015,1,3
207,1,7308,755,1,1,0,570,11,8,1,13,1,0,0,0,0,0,0,0,0,0,0,0,1,0,0,2015,1,4
206,2,6696,727,1,1,0,570,11,8,1,13,1,0,0,0,0,0,0,0,0,0,0,0,1,0,0,2015,1,5
205,3,5945,670,1,1,0,570,11,8,1,13,1,0,0,0,0,0,0,0,0,0,0,0,1,0,0,2015,1,6
204,4,5246,567,1,1,0,570,11,8,1,13,1,0,0,0,0,0,0,0,0,0,0,0,1,0,0,2015,1,7
203,5,4762,524,1,1,0,570,11,8,1,13,1,0,0,0,0,0,0,0,0,0,0,0,1,0,0,2015,1,8
202,6,3024,346,1,0,0,570,11,8,1,13,1,0,0,0,0,0,0,0,0,0,0,0,1,0,0,2015,1,9
201,7,0,0,0,0,0,570,11,8,1,13,1,0,0,0,0,0,0,0,0,0,0,0,1,0,0,2015,1,10
200,1,7237,689,1,1,0,570,11,8,1,13,1,0,0,0,0,0,0,0,0,0,0,0,1,0,0,2015,1,11
199,2,6444,695,1,1,0,570,11,8,1,13,1,0,0,0,0,0,0,0,0,0,0,0,1,0,0,2015,1,12
198,3,6366,700,1,1,0,570,11,8,1,13,1,0,0,0,0,0,0,0,0,0,0,0,1,0,0,2015,1,13
197,4,5810,632,1,1,0,570,11,8,1,13,1,0,0,0,0,0,0,0,0,0,0,0,1,0,0,2015,1,14
196,5,5456,573,1,1,0,570,11,8,1,13,1,0,0,0,0,0,0,0,0,0,0,0,1,0,0,2015,1,15
195,6,2883,340,1,0,0,570,11,8,1,13,1,0,0,0,0,0,0,0,0,0,0,0,1,0,0,2015,1,16
194,7,0,0,0,0,0,570,11,8,1,13,1,0,0,0,0,0,0,0,0,0,0,0,1,0,0,2015,1,17
193,1,4082,528,1,0,0,570,11,8,1,13,1,0,0,0,0,0,0,0,0,0,0,0,1,0,0,2015,1,18
192,2,3955,491,1,0,0,570,11,8,1,13,1,0,0,0,0,0,0,0,0,0,0,0,1,0,0,2015,1,19
191,3,4524,606,1,0,0,570,11,8,1,13,1,0,0,0,0,0,0,0,0,0,0,0,1,0,0,2015,1,20
190,4,3728,484,1,0,0,570,11,8,1,13,1,0,0,0,0,0,0,0,0,0,0,0,1,0,0,2015,1,21
189,5,3206,418,1,0,0,570,11,8,1,13,1,0,0,0,0,0,0,0,0,0,0,0,1,0,0,2015,1,22
188,6,2575,326,1,0,0,570,11,8,1,13,1,0,0,0,0,0,0,0,0,0,0,0,1,0,0,2015,1,23
187,7,0,0,0,0,0,570,11,8,1,13,1,0,0,0,0,0,0,0,0,0,0,0,1,0,0,2015,1,24
186,1,5931,638,1,1,0,570,11,8,1,13,1,0,0,0,0,0,0,0,0,0,0,0,1,0,0,2015,1,25
185,2,5258,575,1,1,0,570,11,8,1,13,1,0,0,0,0,0,0,0,0,0,0,0,1,0,0,2015,1,26
184,3,6032,720,1,1,0,570,11,8,1,13,1,0,0,0,0,0,0,0,0,0,0,0,1,0,0,2015,1,27
183,4,4775,539,1,1,0,570,11,8,1,13,1,0,0,0,0,0,0,0,0,0,0,0,1,0,0,2015,1,28
182,5,5919,624,1,1,0,570,11,8,1,13,1,0,0,0,0,0,0,0,0,0,0,0,1,0,0,2015,1,29
181,6,3067,323,1,0,0,570,11,8,1,13,1,0,0,0,0,0,0,0,0,0,0,0,1,0,0,2015,1,30
180,7,0,0,0,0,0,570,11,8,1,13,1,0,0,0,0,0,0,0,0,0,0,0,1,0,0,2015,2,0
179,1,8155,808,1,1,1,570,11,8,1,13,1,0,0,0,0,0,0,0,0,0,0,0,1,0,0,2015,2,1
178,2,6837,684,1,1,1,570,11,8,1,13,1,0,0,0,0,0,0,0,0,0,0,0,1,0,0,2015,2,2
177,3,6405,721,1,1,1,570,11,8,1,13,1,0,0,0,0,0,0,0,0,0,0,0,1,0,0,2015,2,3
176,4,5275,603,1,1,1,570,11,8,1,13,1,0,0,0,0,0,0,0,0,0,0,0,1,0,0,2015,2,4
175,5,5260,550,1,1,1,570,11,8,1,13,1,0,0,0,0,0,0,0,0,0,0,0,1,0,0,2015,2,5
174,6,2335,306,1,0,0,570,11,8,1,13,1,0,0,0,0,0,0,0,0,0,0,0,1,0,0,2015,2,6
173,7,0,0,0,0,0,570,11,8,1,13,1,0,0,0,0,0,0,0,0,0,0,0,1,0,0,2015,2,7
172,1,3678,491,1,0,0,570,11,8,1,13,1,0,0,0,0,0,0,0,0,0,0,0,1,0,0,2015,2,8
171,2,4653,567,1,0,0,570,11,8,1,13,1,0,0,0,0,0,0,0,0,0,0,0,1,0,0,2015,2,9
170,3,4773,641,1,0,0,570,11,8,1,13,1,0,0,0,0,0,0,0,0,0,0,0,1,0,0,2015,2,10
169,4,3765,485,1,0,0,570,11,8,1,13,1,0,0,0,0,0,0,0,0,0,0,0,1,0,0,2015,2,11
168,5,3647,499,1,0,0,570,11,8,1,13,1,0,0,0,0,0,0,0,0,0,0,0,1,0,0,2015,2,12
167,6,2809,351,1,0,0,570,11,8,1,13,1,0,0,0,0,0,0,0,0,0,0,0,1,0,0,2015,2,13
166,7,0,0,0,0,0,570,11,8,1,13,1,0,0,0,0,0,0,0,0,0,0,0,1,0,0,2015,2,14
165,1,7478,703,1,1,0,570,11,8,1,13,1,0,0,0,0,0,0,0,0,0,0,0,1,0,0,2015,2,15
164,2,6113,623,1,1,0,570,11,8,1,13,1,0,0,0,0,0,0,0,0,0,0,0,1,0,0,2015,2,16
163,3,6178,758,1,1,0,570,11,8,1,13,1,0,0,0,0,0,0,0,0,0,0,0,1,0,0,2015,2,17
162,4,5842,627,1,1,0,570,11,8,1,13,1,0,0,0,0,0,0,0,0,0,0,0,1,0,0,2015,2,18
161,5,4727,544,1,1,0,570,11,8,1,13,1,0,0,0,0,0,0,0,0,0,0,0,1,0,0,2015,2,19
160,6,3005,355,1,0,0,570,11,8,1,13,1,0,0,0,0,0,0,0,0,0,0,0,1,0,0,2015,2,20
159,7,0,0,0,0,0,570,11,8,1,13,1,0,0,0,0,0,0,0,0,0,0,0,1,0,0,2015,2,21
158,1,3633,481,1,0,0,570,11,8,1,13,1,0,0,0,0,0,0,0,0,0,0,0,1,0,0,2015,2,22
157,2,3755,498,1,0,0,570,11,8,1,13,1,0,0,0,0,0,0,0,0,0,0,0,1,0,0,2015,2,23
